group,row1,row2,matched_y_nm,matched_z_nm,len1_nm,len2_nm,total_length_nm,abs_direction_dot,complete_5000
组1,4,12,260.638630130799,-45.5355334223004,2315.534369816957,2684.4656301830446,5000.000000000002,0.9999999999999999,True
组1,5,11,273.505296679324,-144.677940130256,1062.1411789741362,3937.8588210258636,5000.0,1.0,True
组2,6,47,-31.8043625940113,-200.10393428969,3080.1227520443604,1919.8772479556317,4999.999999999992,1.0,True
组2,8,44,-14.0725596141766,281.931898702774,2677.2638185886635,2322.736181411338,5000.000000000002,0.9999999999999999,True
组2,9,40,-10.9123393011085,138.872240038616,1556.487969694987,3443.5120303050126,5000.0,1.0,True
组2,12,41,300.316348054142,115.435676374726,1874.6776896276024,3125.3223103723944,4999.999999999996,1.0000000000000002,True
组2,13,46,307.50626190705,-131.057049605648,3053.5735753661397,1946.4264246338664,5000.000000000006,1.0,True
组3,4,507,-4866.08250706701,-1349.01698940725,3536.541437143679,1463.4585628563148,4999.999999999994,1.0,True
组3,7,537,-4547.39384234608,-410.884225856586,4422.796321965136,577.2036780348648,5000.0,1.0,True
组3,8,487,-4519.66210305138,3025.31565018178,3442.0924336494163,1557.9075663505832,5000.0,0.9999999999999999,True
组3,9,454,-4435.68841088378,396.827175517224,2497.5982763783745,2502.401723621623,4999.999999999998,1.0,True
组3,10,452,-4427.31798471068,-2547.29172280084,2497.1282484913363,2502.8717515086646,5000.000000000001,0.9999999999999999,True
组3,12,527,-4209.37005304343,1282.30863091672,4342.181221878725,657.818778121276,5000.000000000002,1.0,True
组3,16,492,-3934.96314704756,923.476102249517,3509.930579045047,1490.0694209549522,4999.999999999999,0.9999999999999998,True
组3,17,395,-3809.67060242485,-2329.36103653559,804.9025853004581,4195.097414699543,5000.000000000001,1.0000000000000002,True
组3,18,458,-3505.79987614971,2439.60639803962,2497.840944605064,2502.159055394932,4999.999999999996,1.0000000000000002,True
组3,19,400,-3160.9915908559,3668.52224946907,981.387976262608,4018.6120237373934,5000.000000000002,1.0,True
组3,20,464,-2897.59141411251,288.901642274303,1471.2231541958963,3528.776845804104,5000.0,0.9999999999999999,True
组3,22,445,-2778.66251188592,2206.82508489744,1840.460384963259,3159.53961503674,4999.999999999999,1.0,True
组3,23,479,-2691.57323766101,-1126.55329185837,3191.7406605014426,1808.2593394985577,5000.0,1.0,True
组3,24,482,-2602.2578268195,2880.14555663,2765.288061848407,2234.711938151593,5000.0,0.9999999999999999,True
组3,25,522,-2564.86128944441,-1330.47391306341,3450.0439600567543,1549.9560399432416,4999.999999999996,1.0,True
组3,26,535,-2456.20339955356,-2657.38387812609,3815.52228969526,1184.477710304743,5000.000000000003,1.0,True
组3,27,523,-2432.17457103533,-3042.63852110194,3665.68426682574,1334.3157331742616,5000.000000000002,1.0,True
组3,28,536,-2429.63780368038,1192.46496680503,4474.302617950936,525.6973820490682,5000.000000000005,0.9999999999999999,True
组3,29,466,-2285.37593637789,-1294.23920020719,2305.77420421187,2694.2257957881316,5000.000000000002,0.9999999999999999,True
组3,30,514,-1980.646304769,3104.21465993047,4036.5366439420955,963.4633560578999,4999.999999999995,0.9999999999999999,True
组3,31,506,-1885.81724045037,4304.47317215295,3711.5554274002566,1288.4445725997384,4999.9999999999945,1.0,True
组3,32,383,-1832.60798588856,-4442.89166913915,831.6354537618065,4168.364546238193,4999.999999999999,0.9999999999999999,True
组3,33,531,-1823.22140012199,290.683235674212,3277.862335024747,1722.1376649752563,5000.000000000004,0.9999999999999999,True
组3,34,511,-1770.83504212766,2589.6427585874,3934.469704923681,1065.530295076317,4999.999999999998,1.0,True
组3,35,493,-1730.49364760457,-1584.90290947253,3432.255914816072,1567.7440851839326,5000.000000000005,1.0,True
组3,36,508,-1690.28799022273,1083.3790173988,3965.724980470419,1034.2750195295882,5000.000000000007,1.0000000000000002,True
组3,37,484,-1568.74135130602,-712.470563064057,3102.4049691529685,1897.5950308470324,5000.000000000001,1.0,True
组3,38,532,-1525.23346506892,2224.38202222794,4168.659955305062,831.3400446949393,5000.000000000001,0.9999999999999999,True
组3,40,430,-1194.62051862425,2791.97432075776,561.7183048111525,4438.281695188839,4999.999999999992,1.0,True
组3,42,456,-1113.88857078746,3782.59616936743,2217.8121965483033,2782.1878034516976,5000.000000000001,1.0000000000000002,True
组3,43,518,-1099.7597181318,-3498.00726232382,4193.518468482424,806.4815315175736,4999.999999999998,1.0,True
组3,44,405,-1032.75823239689,-3930.21641597039,1222.5803393993835,3777.4196606006167,5000.0,1.0,True
组3,45,421,-1028.65263600888,0.015221859663427,1570.7107564586443,3429.289243541356,5000.0,1.0,True
组3,47,468,-731.749344336892,-1448.85070583919,2719.6039063448707,2280.396093655127,4999.999999999998,1.0,True
组3,48,404,-730.487962622236,1855.54491806651,1133.8748542010278,3866.1251457989715,4999.999999999999,0.9999999999999999,True
组3,49,418,-561.292731474646,2432.06024610751,1521.2992147504362,3478.7007852495617,4999.999999999998,1.0,True
组3,52,500,-424.768298245947,2438.90343590154,3790.5117635141814,1209.4882364858133,4999.9999999999945,0.9999999999999999,True
组3,53,474,-283.275356566054,933.891906571597,1166.4689946717895,3833.5310053282133,5000.000000000003,1.0,True
组3,55,502,-164.470951784556,-3645.76776975669,3360.0465203772746,1639.9534796227304,5000.0000000000055,1.0,True
组3,56,449,-26.7677428770708,-3530.30197874937,2350.5690666134938,2649.4309333865003,4999.9999999999945,1.0,True
组3,57,481,127.505239762082,-1252.26830164535,3112.9454020522185,1887.0545979477754,4999.999999999994,1.0,True
组3,59,504,219.832056652714,1547.39993402217,3858.5340030566,1141.4659969434003,5000.0,1.0,True
组3,60,431,346.991808315544,-355.331480048224,1835.0289031984546,3164.971096801552,5000.000000000006,0.9999999999999999,True
组3,61,501,365.573051258324,-447.706374220298,3851.4126671684735,1148.587332831526,5000.0,0.9999999999999999,True
组3,62,533,598.350872167653,-242.484499556541,3412.7178876246353,1587.2821123753622,4999.999999999997,1.0,True
组3,63,509,749.662862224878,3843.64876445069,3968.893669832232,1031.1063301677618,4999.999999999994,1.0,True
组3,64,463,1000.775202406,1139.47708819548,2685.6760287580933,2314.323971241903,4999.999999999996,1.0,True
组3,67,499,1046.11706766861,1788.56189644159,3350.0600666507207,1649.9399333492845,5000.0000000000055,1.0,True
组3,68,446,1194.16708449381,2524.20597801391,1051.9335501859841,3948.0664498140163,5000.0,1.0,True
组3,70,519,1627.86460746779,450.994674718855,4092.4903058783066,907.5096941216952,5000.000000000002,1.0,True
组3,71,376,1846.30617244491,-923.970593359659,703.6578416292421,4296.342158370756,4999.999999999998,1.0000000000000002,True
组3,72,524,2079.61755137113,2353.86167246439,3863.6457713094705,1136.354228690524,4999.9999999999945,1.0,True
组3,73,480,2103.41205632157,-2260.48027008985,2881.413688093943,2118.5863119060564,5000.0,1.0,True
组3,74,491,2297.16565005442,-2351.88553803245,3326.053025150123,1673.946974849876,4999.999999999999,1.0,True
组3,76,388,2352.95881316785,-4333.08370987709,690.7110208664845,4309.288979133511,4999.999999999995,0.9999999999999998,True
组3,77,517,2627.09113694637,1730.26194557632,3725.7910866581533,1274.208913341847,5000.0,1.0,True
组3,79,525,2818.62465634076,378.700572215921,4320.664865233921,679.3351347660835,5000.000000000005,1.0,True
组3,80,390,3028.59273721468,3838.84536454666,919.4071165032985,4080.5928834967062,5000.000000000005,1.0,True
组3,81,503,3254.23450499493,1899.31110932199,3399.8577180403504,1600.1422819596492,5000.0,1.0,True
组3,84,461,3565.49103718811,-2132.46832683517,811.9672405650101,4188.032759434987,4999.999999999997,0.9999999999999999,True
组3,85,465,3661.40876230168,200.799658762158,2575.7752959588224,2424.224704041175,4999.999999999997,0.9999999999999999,True
组3,86,516,3806.1067662756,-3937.37836358058,4088.707983910174,911.2920160898221,4999.999999999996,1.0,True
组3,92,424,4726.03596082898,3929.70319677292,1594.678851040646,3405.3211489593505,4999.999999999996,0.9999999999999999,True
