day,group,minimum_workers,shift_1,shift_2,shift_3,shift_4,shift_5,shift_6,shift_7,shift_8,shift_9,shift_10,solver_name,solver_status,objective_value,runtime_seconds
1,1,18,5,6,0,3,3,0,0,0,0,1,PySCIPOpt/SCIP,OPTIMAL,18,0.0005860820001544198
1,2,19,4,2,0,9,0,0,0,0,0,4,PySCIPOpt/SCIP,OPTIMAL,19,0.0005449509999380098
1,3,18,0,0,6,3,0,0,0,9,0,0,PySCIPOpt/SCIP,OPTIMAL,18,0.0007074029999785125
1,4,22,10,0,0,3,0,5,2,0,0,2,PySCIPOpt/SCIP,OPTIMAL,22,0.000576256999920588
1,5,27,10,0,1,8,0,0,0,0,0,8,PySCIPOpt/SCIP,OPTIMAL,27,0.0005605140004263376
1,6,18,3,0,0,15,0,0,0,0,0,0,PySCIPOpt/SCIP,OPTIMAL,18,0.00043912399996770546
1,7,24,7,0,8,5,0,0,0,4,0,0,PySCIPOpt/SCIP,OPTIMAL,24,0.0005705789999410626
1,8,23,8,0,1,6,0,3,0,0,0,5,PySCIPOpt/SCIP,OPTIMAL,23,0.0005422969998107874
1,9,18,0,13,0,2,3,0,0,0,0,0,PySCIPOpt/SCIP,OPTIMAL,18,0.0005521220000446192
1,10,27,9,0,9,2,0,0,0,7,0,0,PySCIPOpt/SCIP,OPTIMAL,27,0.0006017159994371468
2,1,29,7,0,3,8,0,11,0,0,0,0,PySCIPOpt/SCIP,OPTIMAL,29,0.0005426280004030559
2,2,37,15,0,0,13,0,0,0,0,0,9,PySCIPOpt/SCIP,OPTIMAL,37,0.0005911889993512887
2,3,37,13,0,13,2,0,0,0,9,0,0,PySCIPOpt/SCIP,OPTIMAL,37,0.0005670339996868279
2,4,35,5,0,0,14,0,0,6,0,0,10,PySCIPOpt/SCIP,OPTIMAL,35,0.0006488760000138427
2,5,36,16,0,9,1,0,0,0,10,0,0,PySCIPOpt/SCIP,OPTIMAL,36,0.0005382210001698695
2,6,30,6,0,0,2,0,0,21,0,0,1,PySCIPOpt/SCIP,OPTIMAL,30,0.0006548640003529727
2,7,42,16,0,0,13,0,0,0,0,0,13,PySCIPOpt/SCIP,OPTIMAL,42,0.0005794219996460015
2,8,30,2,0,0,21,0,0,0,0,7,0,PySCIPOpt/SCIP,OPTIMAL,30,0.0005927230004090234
2,9,40,10,2,0,11,0,0,0,0,0,17,PySCIPOpt/SCIP,OPTIMAL,40,0.0005270049996397574
2,10,33,12,8,3,6,0,0,0,0,0,4,PySCIPOpt/SCIP,OPTIMAL,33,0.0005810550001115189
3,1,30,11,0,0,6,0,0,13,0,0,0,PySCIPOpt/SCIP,OPTIMAL,30,0.0006234379998204531
3,2,27,3,0,0,14,0,0,0,0,0,10,PySCIPOpt/SCIP,OPTIMAL,27,0.0006445990002248436
3,3,33,7,20,1,2,0,0,0,3,0,0,PySCIPOpt/SCIP,OPTIMAL,33,0.0005328529996404541
3,4,28,0,0,0,18,0,0,5,0,4,1,PySCIPOpt/SCIP,OPTIMAL,28,0.0006055210005797562
3,5,33,4,0,0,16,0,0,0,0,0,13,PySCIPOpt/SCIP,OPTIMAL,33,0.0010787459996208781
3,6,28,21,0,0,0,0,0,0,0,0,7,PySCIPOpt/SCIP,OPTIMAL,28,0.00042316000053688185
3,7,42,16,0,0,14,0,0,12,0,0,0,PySCIPOpt/SCIP,OPTIMAL,42,0.0005955959995844751
3,8,31,10,8,0,6,1,0,0,0,0,6,PySCIPOpt/SCIP,OPTIMAL,31,0.0006006040002830559
3,9,31,6,8,6,3,8,0,0,0,0,0,PySCIPOpt/SCIP,OPTIMAL,31,0.0005560970002989052
3,10,31,4,13,0,5,3,0,0,0,6,0,PySCIPOpt/SCIP,OPTIMAL,31,0.0005052619999332819
4,1,39,15,0,0,14,0,0,0,0,0,10,PySCIPOpt/SCIP,OPTIMAL,39,0.0005949460000920226
4,2,39,16,0,0,10,0,0,0,0,13,0,PySCIPOpt/SCIP,OPTIMAL,39,0.006376451000505767
4,3,31,9,0,5,13,0,0,0,1,0,3,PySCIPOpt/SCIP,OPTIMAL,31,0.0005813160005345708
4,4,29,1,8,0,1,9,0,0,10,0,0,PySCIPOpt/SCIP,OPTIMAL,29,0.0005580700008067652
4,5,31,6,0,0,7,0,12,3,3,0,0,PySCIPOpt/SCIP,OPTIMAL,31,0.0007706570004302193
4,6,26,1,0,0,3,0,3,12,7,0,0,PySCIPOpt/SCIP,OPTIMAL,26,0.0005429980001281365
4,7,29,13,0,0,16,0,0,0,0,0,0,PySCIPOpt/SCIP,OPTIMAL,29,0.0004377019995445153
4,8,40,15,0,0,11,0,7,2,0,0,5,PySCIPOpt/SCIP,OPTIMAL,40,0.0005700880001313635
4,9,39,21,0,0,10,0,0,0,7,1,0,PySCIPOpt/SCIP,OPTIMAL,39,0.0005361379999158089
4,10,30,8,0,0,0,0,0,3,0,0,19,PySCIPOpt/SCIP,OPTIMAL,30,0.0006029969999872264
5,1,32,4,7,14,1,6,0,0,0,0,0,PySCIPOpt/SCIP,OPTIMAL,32,0.0005253019999145181
5,2,28,4,0,1,0,5,16,0,0,0,2,PySCIPOpt/SCIP,OPTIMAL,28,0.0006673930001852568
5,3,36,8,0,16,3,0,0,0,9,0,0,PySCIPOpt/SCIP,OPTIMAL,36,0.0005568289998336695
5,4,31,9,0,0,13,0,0,0,2,3,4,PySCIPOpt/SCIP,OPTIMAL,31,0.0005314209993230179
5,5,39,17,0,0,12,0,0,0,0,0,10,PySCIPOpt/SCIP,OPTIMAL,39,0.0006206440002642921
5,6,33,3,0,0,11,0,0,13,0,1,5,PySCIPOpt/SCIP,OPTIMAL,33,0.0006255910002437304
5,7,24,14,0,0,3,0,0,3,2,2,0,PySCIPOpt/SCIP,OPTIMAL,24,0.0005599030000666971
5,8,41,11,0,0,19,0,0,0,0,0,11,PySCIPOpt/SCIP,OPTIMAL,41,0.0005639999999402789
5,9,40,17,0,0,13,0,0,10,0,0,0,PySCIPOpt/SCIP,OPTIMAL,40,0.0006043299999873852
5,10,45,15,0,0,16,0,0,0,0,0,14,PySCIPOpt/SCIP,OPTIMAL,45,0.0006172290004542447
6,1,29,1,4,4,2,18,0,0,0,0,0,PySCIPOpt/SCIP,OPTIMAL,29,0.000546943999324867
6,2,33,5,14,0,4,0,0,0,0,0,10,PySCIPOpt/SCIP,OPTIMAL,33,0.0005351070003598579
6,3,38,11,0,0,12,0,0,0,0,15,0,PySCIPOpt/SCIP,OPTIMAL,38,0.0006357359998219181
6,4,37,11,0,0,18,0,0,0,0,6,2,PySCIPOpt/SCIP,OPTIMAL,37,0.0007020849998298218
6,5,37,9,0,2,6,0,0,0,20,0,0,PySCIPOpt/SCIP,OPTIMAL,37,0.000545152000086091
6,6,29,19,0,0,5,0,4,1,0,0,0,PySCIPOpt/SCIP,OPTIMAL,29,0.0005655909999404685
6,7,31,4,0,4,1,21,1,0,0,0,0,PySCIPOpt/SCIP,OPTIMAL,31,0.000537830000212125
6,8,34,4,2,0,14,1,0,0,0,0,13,PySCIPOpt/SCIP,OPTIMAL,34,0.0005384710002545035
6,9,33,4,0,0,5,0,0,16,0,2,6,PySCIPOpt/SCIP,OPTIMAL,33,0.000589277000472066
6,10,30,3,13,0,7,1,0,0,0,0,6,PySCIPOpt/SCIP,OPTIMAL,30,0.0005685370006176527
7,1,34,9,1,5,11,0,0,0,0,0,8,PySCIPOpt/SCIP,OPTIMAL,34,0.0005598830002782051
7,2,30,7,0,3,13,0,0,0,2,0,5,PySCIPOpt/SCIP,OPTIMAL,30,0.0005383810002967948
7,3,39,12,0,0,12,0,0,0,0,6,9,PySCIPOpt/SCIP,OPTIMAL,39,0.0006783489998269943
7,4,37,7,0,1,13,0,0,0,11,0,5,PySCIPOpt/SCIP,OPTIMAL,37,0.0005332129994712886
7,5,40,12,0,0,17,0,0,0,11,0,0,PySCIPOpt/SCIP,OPTIMAL,40,0.0011078090001319651
7,6,38,10,0,0,20,0,0,7,0,0,1,PySCIPOpt/SCIP,OPTIMAL,38,0.0011948279998250655
7,7,36,16,0,3,11,0,1,0,5,0,0,PySCIPOpt/SCIP,OPTIMAL,36,0.0005268249997243402
7,8,34,6,0,0,8,0,6,9,5,0,0,PySCIPOpt/SCIP,OPTIMAL,34,0.0008015729999897303
7,9,35,8,0,0,10,0,0,4,0,7,6,PySCIPOpt/SCIP,OPTIMAL,35,0.0006131830004960648
7,10,40,12,0,0,13,0,0,0,11,4,0,PySCIPOpt/SCIP,OPTIMAL,40,0.0005523620002350071
8,1,28,2,3,0,9,0,0,0,0,3,11,PySCIPOpt/SCIP,OPTIMAL,28,0.0005919309996897937
8,2,27,4,0,0,12,0,0,0,0,5,6,PySCIPOpt/SCIP,OPTIMAL,27,0.0006646700003329897
8,3,41,12,0,0,12,0,0,0,3,14,0,PySCIPOpt/SCIP,OPTIMAL,41,0.0005823769997732597
8,4,34,12,1,7,5,0,0,0,2,0,7,PySCIPOpt/SCIP,OPTIMAL,34,0.0005429279999589198
8,5,37,13,0,0,17,0,0,0,3,4,0,PySCIPOpt/SCIP,OPTIMAL,37,0.0005172199998924043
8,6,37,9,0,0,14,0,0,1,0,11,2,PySCIPOpt/SCIP,OPTIMAL,37,0.0006561959999089595
8,7,32,13,3,0,9,0,0,0,0,7,0,PySCIPOpt/SCIP,OPTIMAL,32,0.0005176810000193655
8,8,40,13,0,2,10,0,0,0,0,0,15,PySCIPOpt/SCIP,OPTIMAL,40,0.0005416159992819303
8,9,35,5,12,1,9,3,0,0,0,0,5,PySCIPOpt/SCIP,OPTIMAL,35,0.0005735840004490456
8,10,39,13,0,0,13,0,0,3,2,3,5,PySCIPOpt/SCIP,OPTIMAL,39,0.0005232290004641982
9,1,28,12,0,0,8,0,0,0,0,2,6,PySCIPOpt/SCIP,OPTIMAL,28,0.0006192210003064247
9,2,30,11,0,10,0,0,0,0,0,0,9,PySCIPOpt/SCIP,OPTIMAL,30,0.0005556369997066213
9,3,33,16,0,0,11,0,0,0,0,3,3,PySCIPOpt/SCIP,OPTIMAL,33,0.0006299379992924514
9,4,41,18,0,0,11,0,0,0,0,12,0,PySCIPOpt/SCIP,OPTIMAL,41,0.0006223569998837775
9,5,38,13,0,2,14,0,1,0,0,0,8,PySCIPOpt/SCIP,OPTIMAL,38,0.0005477349995999248
9,6,31,9,0,2,10,0,8,0,2,0,0,PySCIPOpt/SCIP,OPTIMAL,31,0.0005425870003819
9,7,32,7,0,0,8,0,0,0,16,1,0,PySCIPOpt/SCIP,OPTIMAL,32,0.0005587019995800802
9,8,32,14,0,2,9,0,3,0,4,0,0,PySCIPOpt/SCIP,OPTIMAL,32,0.0005197740001676721
9,9,30,4,0,0,8,0,0,16,0,2,0,PySCIPOpt/SCIP,OPTIMAL,30,0.0006532120005431352
9,10,30,0,0,1,22,0,4,0,3,0,0,PySCIPOpt/SCIP,OPTIMAL,30,0.0005492880000019795
10,1,31,19,1,0,11,0,0,0,0,0,0,PySCIPOpt/SCIP,OPTIMAL,31,0.0005122730008224607
10,2,31,1,0,0,4,16,7,3,0,0,0,PySCIPOpt/SCIP,OPTIMAL,31,0.0005467339997267118
10,3,35,14,0,0,5,0,0,0,0,5,11,PySCIPOpt/SCIP,OPTIMAL,35,0.0005917809994571144
10,4,30,4,8,5,2,10,0,0,0,0,1,PySCIPOpt/SCIP,OPTIMAL,30,0.0005445200004032813
10,5,28,6,8,0,2,0,0,0,7,5,0,PySCIPOpt/SCIP,OPTIMAL,28,0.0005336940002962365
10,6,38,12,0,6,11,0,0,0,3,0,6,PySCIPOpt/SCIP,OPTIMAL,38,0.000576026999624446
10,7,30,0,22,0,4,1,0,0,0,0,3,PySCIPOpt/SCIP,OPTIMAL,30,0.0005344159999367548
10,8,30,3,0,4,17,0,3,0,3,0,0,PySCIPOpt/SCIP,OPTIMAL,30,0.0005482759997903486
10,9,37,12,0,0,17,0,0,0,0,0,8,PySCIPOpt/SCIP,OPTIMAL,37,0.0006178399999043904
10,10,29,2,0,0,8,0,0,3,0,0,16,PySCIPOpt/SCIP,OPTIMAL,29,0.0006634579995079548
