day,group,actual_workers,shift,shift_workers,first_start,first_end,second_start,second_end
1,1,18,1,5,08:00,12:00,12:00,16:00
1,1,18,2,6,08:00,12:00,13:00,17:00
1,1,18,3,0,08:00,12:00,14:00,18:00
1,1,18,4,3,08:00,12:00,15:00,19:00
1,1,18,5,3,09:00,13:00,13:00,17:00
1,1,18,6,0,09:00,13:00,14:00,18:00
1,1,18,7,0,09:00,13:00,15:00,19:00
1,1,18,8,0,10:00,14:00,14:00,18:00
1,1,18,9,0,10:00,14:00,15:00,19:00
1,1,18,10,1,11:00,15:00,15:00,19:00
1,2,19,1,4,08:00,12:00,12:00,16:00
1,2,19,2,2,08:00,12:00,13:00,17:00
1,2,19,3,0,08:00,12:00,14:00,18:00
1,2,19,4,9,08:00,12:00,15:00,19:00
1,2,19,5,0,09:00,13:00,13:00,17:00
1,2,19,6,0,09:00,13:00,14:00,18:00
1,2,19,7,0,09:00,13:00,15:00,19:00
1,2,19,8,0,10:00,14:00,14:00,18:00
1,2,19,9,0,10:00,14:00,15:00,19:00
1,2,19,10,4,11:00,15:00,15:00,19:00
1,3,18,1,0,08:00,12:00,12:00,16:00
1,3,18,2,0,08:00,12:00,13:00,17:00
1,3,18,3,6,08:00,12:00,14:00,18:00
1,3,18,4,3,08:00,12:00,15:00,19:00
1,3,18,5,0,09:00,13:00,13:00,17:00
1,3,18,6,0,09:00,13:00,14:00,18:00
1,3,18,7,0,09:00,13:00,15:00,19:00
1,3,18,8,9,10:00,14:00,14:00,18:00
1,3,18,9,0,10:00,14:00,15:00,19:00
1,3,18,10,0,11:00,15:00,15:00,19:00
1,4,22,1,10,08:00,12:00,12:00,16:00
1,4,22,2,0,08:00,12:00,13:00,17:00
1,4,22,3,0,08:00,12:00,14:00,18:00
1,4,22,4,3,08:00,12:00,15:00,19:00
1,4,22,5,0,09:00,13:00,13:00,17:00
1,4,22,6,5,09:00,13:00,14:00,18:00
1,4,22,7,2,09:00,13:00,15:00,19:00
1,4,22,8,0,10:00,14:00,14:00,18:00
1,4,22,9,0,10:00,14:00,15:00,19:00
1,4,22,10,2,11:00,15:00,15:00,19:00
1,5,27,1,10,08:00,12:00,12:00,16:00
1,5,27,2,0,08:00,12:00,13:00,17:00
1,5,27,3,1,08:00,12:00,14:00,18:00
1,5,27,4,8,08:00,12:00,15:00,19:00
1,5,27,5,0,09:00,13:00,13:00,17:00
1,5,27,6,0,09:00,13:00,14:00,18:00
1,5,27,7,0,09:00,13:00,15:00,19:00
1,5,27,8,0,10:00,14:00,14:00,18:00
1,5,27,9,0,10:00,14:00,15:00,19:00
1,5,27,10,8,11:00,15:00,15:00,19:00
1,6,18,1,3,08:00,12:00,12:00,16:00
1,6,18,2,0,08:00,12:00,13:00,17:00
1,6,18,3,0,08:00,12:00,14:00,18:00
1,6,18,4,15,08:00,12:00,15:00,19:00
1,6,18,5,0,09:00,13:00,13:00,17:00
1,6,18,6,0,09:00,13:00,14:00,18:00
1,6,18,7,0,09:00,13:00,15:00,19:00
1,6,18,8,0,10:00,14:00,14:00,18:00
1,6,18,9,0,10:00,14:00,15:00,19:00
1,6,18,10,0,11:00,15:00,15:00,19:00
1,7,24,1,7,08:00,12:00,12:00,16:00
1,7,24,2,0,08:00,12:00,13:00,17:00
1,7,24,3,8,08:00,12:00,14:00,18:00
1,7,24,4,5,08:00,12:00,15:00,19:00
1,7,24,5,0,09:00,13:00,13:00,17:00
1,7,24,6,0,09:00,13:00,14:00,18:00
1,7,24,7,0,09:00,13:00,15:00,19:00
1,7,24,8,4,10:00,14:00,14:00,18:00
1,7,24,9,0,10:00,14:00,15:00,19:00
1,7,24,10,0,11:00,15:00,15:00,19:00
1,8,23,1,8,08:00,12:00,12:00,16:00
1,8,23,2,0,08:00,12:00,13:00,17:00
1,8,23,3,1,08:00,12:00,14:00,18:00
1,8,23,4,6,08:00,12:00,15:00,19:00
1,8,23,5,0,09:00,13:00,13:00,17:00
1,8,23,6,3,09:00,13:00,14:00,18:00
1,8,23,7,0,09:00,13:00,15:00,19:00
1,8,23,8,0,10:00,14:00,14:00,18:00
1,8,23,9,0,10:00,14:00,15:00,19:00
1,8,23,10,5,11:00,15:00,15:00,19:00
1,9,18,1,0,08:00,12:00,12:00,16:00
1,9,18,2,13,08:00,12:00,13:00,17:00
1,9,18,3,0,08:00,12:00,14:00,18:00
1,9,18,4,2,08:00,12:00,15:00,19:00
1,9,18,5,3,09:00,13:00,13:00,17:00
1,9,18,6,0,09:00,13:00,14:00,18:00
1,9,18,7,0,09:00,13:00,15:00,19:00
1,9,18,8,0,10:00,14:00,14:00,18:00
1,9,18,9,0,10:00,14:00,15:00,19:00
1,9,18,10,0,11:00,15:00,15:00,19:00
1,10,27,1,9,08:00,12:00,12:00,16:00
1,10,27,2,0,08:00,12:00,13:00,17:00
1,10,27,3,9,08:00,12:00,14:00,18:00
1,10,27,4,2,08:00,12:00,15:00,19:00
1,10,27,5,0,09:00,13:00,13:00,17:00
1,10,27,6,0,09:00,13:00,14:00,18:00
1,10,27,7,0,09:00,13:00,15:00,19:00
1,10,27,8,7,10:00,14:00,14:00,18:00
1,10,27,9,0,10:00,14:00,15:00,19:00
1,10,27,10,0,11:00,15:00,15:00,19:00
2,1,29,1,7,08:00,12:00,12:00,16:00
2,1,29,2,0,08:00,12:00,13:00,17:00
2,1,29,3,3,08:00,12:00,14:00,18:00
2,1,29,4,8,08:00,12:00,15:00,19:00
2,1,29,5,0,09:00,13:00,13:00,17:00
2,1,29,6,11,09:00,13:00,14:00,18:00
2,1,29,7,0,09:00,13:00,15:00,19:00
2,1,29,8,0,10:00,14:00,14:00,18:00
2,1,29,9,0,10:00,14:00,15:00,19:00
2,1,29,10,0,11:00,15:00,15:00,19:00
2,2,39,1,17,08:00,12:00,12:00,16:00
2,2,39,2,0,08:00,12:00,13:00,17:00
2,2,39,3,0,08:00,12:00,14:00,18:00
2,2,39,4,15,08:00,12:00,15:00,19:00
2,2,39,5,0,09:00,13:00,13:00,17:00
2,2,39,6,0,09:00,13:00,14:00,18:00
2,2,39,7,0,09:00,13:00,15:00,19:00
2,2,39,8,0,10:00,14:00,14:00,18:00
2,2,39,9,0,10:00,14:00,15:00,19:00
2,2,39,10,7,11:00,15:00,15:00,19:00
2,3,37,1,13,08:00,12:00,12:00,16:00
2,3,37,2,0,08:00,12:00,13:00,17:00
2,3,37,3,13,08:00,12:00,14:00,18:00
2,3,37,4,2,08:00,12:00,15:00,19:00
2,3,37,5,0,09:00,13:00,13:00,17:00
2,3,37,6,0,09:00,13:00,14:00,18:00
2,3,37,7,0,09:00,13:00,15:00,19:00
2,3,37,8,9,10:00,14:00,14:00,18:00
2,3,37,9,0,10:00,14:00,15:00,19:00
2,3,37,10,0,11:00,15:00,15:00,19:00
2,4,35,1,5,08:00,12:00,12:00,16:00
2,4,35,2,0,08:00,12:00,13:00,17:00
2,4,35,3,0,08:00,12:00,14:00,18:00
2,4,35,4,14,08:00,12:00,15:00,19:00
2,4,35,5,0,09:00,13:00,13:00,17:00
2,4,35,6,0,09:00,13:00,14:00,18:00
2,4,35,7,6,09:00,13:00,15:00,19:00
2,4,35,8,0,10:00,14:00,14:00,18:00
2,4,35,9,0,10:00,14:00,15:00,19:00
2,4,35,10,10,11:00,15:00,15:00,19:00
2,5,36,1,16,08:00,12:00,12:00,16:00
2,5,36,2,0,08:00,12:00,13:00,17:00
2,5,36,3,9,08:00,12:00,14:00,18:00
2,5,36,4,1,08:00,12:00,15:00,19:00
2,5,36,5,0,09:00,13:00,13:00,17:00
2,5,36,6,0,09:00,13:00,14:00,18:00
2,5,36,7,0,09:00,13:00,15:00,19:00
2,5,36,8,10,10:00,14:00,14:00,18:00
2,5,36,9,0,10:00,14:00,15:00,19:00
2,5,36,10,0,11:00,15:00,15:00,19:00
2,6,30,1,6,08:00,12:00,12:00,16:00
2,6,30,2,0,08:00,12:00,13:00,17:00
2,6,30,3,0,08:00,12:00,14:00,18:00
2,6,30,4,2,08:00,12:00,15:00,19:00
2,6,30,5,0,09:00,13:00,13:00,17:00
2,6,30,6,0,09:00,13:00,14:00,18:00
2,6,30,7,21,09:00,13:00,15:00,19:00
2,6,30,8,0,10:00,14:00,14:00,18:00
2,6,30,9,0,10:00,14:00,15:00,19:00
2,6,30,10,1,11:00,15:00,15:00,19:00
2,7,42,1,16,08:00,12:00,12:00,16:00
2,7,42,2,0,08:00,12:00,13:00,17:00
2,7,42,3,0,08:00,12:00,14:00,18:00
2,7,42,4,13,08:00,12:00,15:00,19:00
2,7,42,5,0,09:00,13:00,13:00,17:00
2,7,42,6,0,09:00,13:00,14:00,18:00
2,7,42,7,0,09:00,13:00,15:00,19:00
2,7,42,8,0,10:00,14:00,14:00,18:00
2,7,42,9,0,10:00,14:00,15:00,19:00
2,7,42,10,13,11:00,15:00,15:00,19:00
2,8,30,1,2,08:00,12:00,12:00,16:00
2,8,30,2,0,08:00,12:00,13:00,17:00
2,8,30,3,0,08:00,12:00,14:00,18:00
2,8,30,4,21,08:00,12:00,15:00,19:00
2,8,30,5,0,09:00,13:00,13:00,17:00
2,8,30,6,0,09:00,13:00,14:00,18:00
2,8,30,7,0,09:00,13:00,15:00,19:00
2,8,30,8,0,10:00,14:00,14:00,18:00
2,8,30,9,7,10:00,14:00,15:00,19:00
2,8,30,10,0,11:00,15:00,15:00,19:00
2,9,43,1,13,08:00,12:00,12:00,16:00
2,9,43,2,2,08:00,12:00,13:00,17:00
2,9,43,3,0,08:00,12:00,14:00,18:00
2,9,43,4,14,08:00,12:00,15:00,19:00
2,9,43,5,0,09:00,13:00,13:00,17:00
2,9,43,6,0,09:00,13:00,14:00,18:00
2,9,43,7,0,09:00,13:00,15:00,19:00
2,9,43,8,0,10:00,14:00,14:00,18:00
2,9,43,9,0,10:00,14:00,15:00,19:00
2,9,43,10,14,11:00,15:00,15:00,19:00
2,10,45,1,24,08:00,12:00,12:00,16:00
2,10,45,2,8,08:00,12:00,13:00,17:00
2,10,45,3,3,08:00,12:00,14:00,18:00
2,10,45,4,10,08:00,12:00,15:00,19:00
2,10,45,5,0,09:00,13:00,13:00,17:00
2,10,45,6,0,09:00,13:00,14:00,18:00
2,10,45,7,0,09:00,13:00,15:00,19:00
2,10,45,8,0,10:00,14:00,14:00,18:00
2,10,45,9,0,10:00,14:00,15:00,19:00
2,10,45,10,0,11:00,15:00,15:00,19:00
3,1,30,1,11,08:00,12:00,12:00,16:00
3,1,30,2,0,08:00,12:00,13:00,17:00
3,1,30,3,0,08:00,12:00,14:00,18:00
3,1,30,4,6,08:00,12:00,15:00,19:00
3,1,30,5,0,09:00,13:00,13:00,17:00
3,1,30,6,0,09:00,13:00,14:00,18:00
3,1,30,7,13,09:00,13:00,15:00,19:00
3,1,30,8,0,10:00,14:00,14:00,18:00
3,1,30,9,0,10:00,14:00,15:00,19:00
3,1,30,10,0,11:00,15:00,15:00,19:00
3,2,27,1,3,08:00,12:00,12:00,16:00
3,2,27,2,0,08:00,12:00,13:00,17:00
3,2,27,3,0,08:00,12:00,14:00,18:00
3,2,27,4,14,08:00,12:00,15:00,19:00
3,2,27,5,0,09:00,13:00,13:00,17:00
3,2,27,6,0,09:00,13:00,14:00,18:00
3,2,27,7,0,09:00,13:00,15:00,19:00
3,2,27,8,0,10:00,14:00,14:00,18:00
3,2,27,9,0,10:00,14:00,15:00,19:00
3,2,27,10,10,11:00,15:00,15:00,19:00
3,3,33,1,7,08:00,12:00,12:00,16:00
3,3,33,2,20,08:00,12:00,13:00,17:00
3,3,33,3,1,08:00,12:00,14:00,18:00
3,3,33,4,2,08:00,12:00,15:00,19:00
3,3,33,5,0,09:00,13:00,13:00,17:00
3,3,33,6,0,09:00,13:00,14:00,18:00
3,3,33,7,0,09:00,13:00,15:00,19:00
3,3,33,8,3,10:00,14:00,14:00,18:00
3,3,33,9,0,10:00,14:00,15:00,19:00
3,3,33,10,0,11:00,15:00,15:00,19:00
3,4,28,1,0,08:00,12:00,12:00,16:00
3,4,28,2,0,08:00,12:00,13:00,17:00
3,4,28,3,0,08:00,12:00,14:00,18:00
3,4,28,4,18,08:00,12:00,15:00,19:00
3,4,28,5,0,09:00,13:00,13:00,17:00
3,4,28,6,0,09:00,13:00,14:00,18:00
3,4,28,7,5,09:00,13:00,15:00,19:00
3,4,28,8,0,10:00,14:00,14:00,18:00
3,4,28,9,4,10:00,14:00,15:00,19:00
3,4,28,10,1,11:00,15:00,15:00,19:00
3,5,33,1,4,08:00,12:00,12:00,16:00
3,5,33,2,0,08:00,12:00,13:00,17:00
3,5,33,3,0,08:00,12:00,14:00,18:00
3,5,33,4,16,08:00,12:00,15:00,19:00
3,5,33,5,0,09:00,13:00,13:00,17:00
3,5,33,6,0,09:00,13:00,14:00,18:00
3,5,33,7,0,09:00,13:00,15:00,19:00
3,5,33,8,0,10:00,14:00,14:00,18:00
3,5,33,9,0,10:00,14:00,15:00,19:00
3,5,33,10,13,11:00,15:00,15:00,19:00
3,6,28,1,21,08:00,12:00,12:00,16:00
3,6,28,2,0,08:00,12:00,13:00,17:00
3,6,28,3,0,08:00,12:00,14:00,18:00
3,6,28,4,0,08:00,12:00,15:00,19:00
3,6,28,5,0,09:00,13:00,13:00,17:00
3,6,28,6,0,09:00,13:00,14:00,18:00
3,6,28,7,0,09:00,13:00,15:00,19:00
3,6,28,8,0,10:00,14:00,14:00,18:00
3,6,28,9,0,10:00,14:00,15:00,19:00
3,6,28,10,7,11:00,15:00,15:00,19:00
3,7,42,1,16,08:00,12:00,12:00,16:00
3,7,42,2,0,08:00,12:00,13:00,17:00
3,7,42,3,0,08:00,12:00,14:00,18:00
3,7,42,4,14,08:00,12:00,15:00,19:00
3,7,42,5,0,09:00,13:00,13:00,17:00
3,7,42,6,0,09:00,13:00,14:00,18:00
3,7,42,7,12,09:00,13:00,15:00,19:00
3,7,42,8,0,10:00,14:00,14:00,18:00
3,7,42,9,0,10:00,14:00,15:00,19:00
3,7,42,10,0,11:00,15:00,15:00,19:00
3,8,31,1,10,08:00,12:00,12:00,16:00
3,8,31,2,8,08:00,12:00,13:00,17:00
3,8,31,3,0,08:00,12:00,14:00,18:00
3,8,31,4,6,08:00,12:00,15:00,19:00
3,8,31,5,1,09:00,13:00,13:00,17:00
3,8,31,6,0,09:00,13:00,14:00,18:00
3,8,31,7,0,09:00,13:00,15:00,19:00
3,8,31,8,0,10:00,14:00,14:00,18:00
3,8,31,9,0,10:00,14:00,15:00,19:00
3,8,31,10,6,11:00,15:00,15:00,19:00
3,9,31,1,6,08:00,12:00,12:00,16:00
3,9,31,2,8,08:00,12:00,13:00,17:00
3,9,31,3,6,08:00,12:00,14:00,18:00
3,9,31,4,3,08:00,12:00,15:00,19:00
3,9,31,5,8,09:00,13:00,13:00,17:00
3,9,31,6,0,09:00,13:00,14:00,18:00
3,9,31,7,0,09:00,13:00,15:00,19:00
3,9,31,8,0,10:00,14:00,14:00,18:00
3,9,31,9,0,10:00,14:00,15:00,19:00
3,9,31,10,0,11:00,15:00,15:00,19:00
3,10,34,1,7,08:00,12:00,12:00,16:00
3,10,34,2,13,08:00,12:00,13:00,17:00
3,10,34,3,0,08:00,12:00,14:00,18:00
3,10,34,4,8,08:00,12:00,15:00,19:00
3,10,34,5,3,09:00,13:00,13:00,17:00
3,10,34,6,0,09:00,13:00,14:00,18:00
3,10,34,7,0,09:00,13:00,15:00,19:00
3,10,34,8,0,10:00,14:00,14:00,18:00
3,10,34,9,3,10:00,14:00,15:00,19:00
3,10,34,10,0,11:00,15:00,15:00,19:00
4,1,39,1,15,08:00,12:00,12:00,16:00
4,1,39,2,0,08:00,12:00,13:00,17:00
4,1,39,3,0,08:00,12:00,14:00,18:00
4,1,39,4,14,08:00,12:00,15:00,19:00
4,1,39,5,0,09:00,13:00,13:00,17:00
4,1,39,6,0,09:00,13:00,14:00,18:00
4,1,39,7,0,09:00,13:00,15:00,19:00
4,1,39,8,0,10:00,14:00,14:00,18:00
4,1,39,9,0,10:00,14:00,15:00,19:00
4,1,39,10,10,11:00,15:00,15:00,19:00
4,2,39,1,16,08:00,12:00,12:00,16:00
4,2,39,2,0,08:00,12:00,13:00,17:00
4,2,39,3,0,08:00,12:00,14:00,18:00
4,2,39,4,10,08:00,12:00,15:00,19:00
4,2,39,5,0,09:00,13:00,13:00,17:00
4,2,39,6,0,09:00,13:00,14:00,18:00
4,2,39,7,0,09:00,13:00,15:00,19:00
4,2,39,8,0,10:00,14:00,14:00,18:00
4,2,39,9,13,10:00,14:00,15:00,19:00
4,2,39,10,0,11:00,15:00,15:00,19:00
4,3,31,1,9,08:00,12:00,12:00,16:00
4,3,31,2,0,08:00,12:00,13:00,17:00
4,3,31,3,5,08:00,12:00,14:00,18:00
4,3,31,4,13,08:00,12:00,15:00,19:00
4,3,31,5,0,09:00,13:00,13:00,17:00
4,3,31,6,0,09:00,13:00,14:00,18:00
4,3,31,7,0,09:00,13:00,15:00,19:00
4,3,31,8,1,10:00,14:00,14:00,18:00
4,3,31,9,0,10:00,14:00,15:00,19:00
4,3,31,10,3,11:00,15:00,15:00,19:00
4,4,29,1,1,08:00,12:00,12:00,16:00
4,4,29,2,8,08:00,12:00,13:00,17:00
4,4,29,3,0,08:00,12:00,14:00,18:00
4,4,29,4,1,08:00,12:00,15:00,19:00
4,4,29,5,9,09:00,13:00,13:00,17:00
4,4,29,6,0,09:00,13:00,14:00,18:00
4,4,29,7,0,09:00,13:00,15:00,19:00
4,4,29,8,10,10:00,14:00,14:00,18:00
4,4,29,9,0,10:00,14:00,15:00,19:00
4,4,29,10,0,11:00,15:00,15:00,19:00
4,5,31,1,6,08:00,12:00,12:00,16:00
4,5,31,2,0,08:00,12:00,13:00,17:00
4,5,31,3,0,08:00,12:00,14:00,18:00
4,5,31,4,7,08:00,12:00,15:00,19:00
4,5,31,5,0,09:00,13:00,13:00,17:00
4,5,31,6,12,09:00,13:00,14:00,18:00
4,5,31,7,3,09:00,13:00,15:00,19:00
4,5,31,8,3,10:00,14:00,14:00,18:00
4,5,31,9,0,10:00,14:00,15:00,19:00
4,5,31,10,0,11:00,15:00,15:00,19:00
4,6,26,1,1,08:00,12:00,12:00,16:00
4,6,26,2,0,08:00,12:00,13:00,17:00
4,6,26,3,0,08:00,12:00,14:00,18:00
4,6,26,4,3,08:00,12:00,15:00,19:00
4,6,26,5,0,09:00,13:00,13:00,17:00
4,6,26,6,3,09:00,13:00,14:00,18:00
4,6,26,7,12,09:00,13:00,15:00,19:00
4,6,26,8,7,10:00,14:00,14:00,18:00
4,6,26,9,0,10:00,14:00,15:00,19:00
4,6,26,10,0,11:00,15:00,15:00,19:00
4,7,29,1,13,08:00,12:00,12:00,16:00
4,7,29,2,0,08:00,12:00,13:00,17:00
4,7,29,3,0,08:00,12:00,14:00,18:00
4,7,29,4,16,08:00,12:00,15:00,19:00
4,7,29,5,0,09:00,13:00,13:00,17:00
4,7,29,6,0,09:00,13:00,14:00,18:00
4,7,29,7,0,09:00,13:00,15:00,19:00
4,7,29,8,0,10:00,14:00,14:00,18:00
4,7,29,9,0,10:00,14:00,15:00,19:00
4,7,29,10,0,11:00,15:00,15:00,19:00
4,8,40,1,15,08:00,12:00,12:00,16:00
4,8,40,2,0,08:00,12:00,13:00,17:00
4,8,40,3,0,08:00,12:00,14:00,18:00
4,8,40,4,11,08:00,12:00,15:00,19:00
4,8,40,5,0,09:00,13:00,13:00,17:00
4,8,40,6,7,09:00,13:00,14:00,18:00
4,8,40,7,2,09:00,13:00,15:00,19:00
4,8,40,8,0,10:00,14:00,14:00,18:00
4,8,40,9,0,10:00,14:00,15:00,19:00
4,8,40,10,5,11:00,15:00,15:00,19:00
4,9,39,1,21,08:00,12:00,12:00,16:00
4,9,39,2,0,08:00,12:00,13:00,17:00
4,9,39,3,0,08:00,12:00,14:00,18:00
4,9,39,4,10,08:00,12:00,15:00,19:00
4,9,39,5,0,09:00,13:00,13:00,17:00
4,9,39,6,0,09:00,13:00,14:00,18:00
4,9,39,7,0,09:00,13:00,15:00,19:00
4,9,39,8,7,10:00,14:00,14:00,18:00
4,9,39,9,1,10:00,14:00,15:00,19:00
4,9,39,10,0,11:00,15:00,15:00,19:00
4,10,30,1,8,08:00,12:00,12:00,16:00
4,10,30,2,0,08:00,12:00,13:00,17:00
4,10,30,3,0,08:00,12:00,14:00,18:00
4,10,30,4,0,08:00,12:00,15:00,19:00
4,10,30,5,0,09:00,13:00,13:00,17:00
4,10,30,6,0,09:00,13:00,14:00,18:00
4,10,30,7,3,09:00,13:00,15:00,19:00
4,10,30,8,0,10:00,14:00,14:00,18:00
4,10,30,9,0,10:00,14:00,15:00,19:00
4,10,30,10,19,11:00,15:00,15:00,19:00
5,1,39,1,11,08:00,12:00,12:00,16:00
5,1,39,2,13,08:00,12:00,13:00,17:00
5,1,39,3,14,08:00,12:00,14:00,18:00
5,1,39,4,1,08:00,12:00,15:00,19:00
5,1,39,5,0,09:00,13:00,13:00,17:00
5,1,39,6,0,09:00,13:00,14:00,18:00
5,1,39,7,0,09:00,13:00,15:00,19:00
5,1,39,8,0,10:00,14:00,14:00,18:00
5,1,39,9,0,10:00,14:00,15:00,19:00
5,1,39,10,0,11:00,15:00,15:00,19:00
5,2,28,1,4,08:00,12:00,12:00,16:00
5,2,28,2,0,08:00,12:00,13:00,17:00
5,2,28,3,1,08:00,12:00,14:00,18:00
5,2,28,4,0,08:00,12:00,15:00,19:00
5,2,28,5,5,09:00,13:00,13:00,17:00
5,2,28,6,16,09:00,13:00,14:00,18:00
5,2,28,7,0,09:00,13:00,15:00,19:00
5,2,28,8,0,10:00,14:00,14:00,18:00
5,2,28,9,0,10:00,14:00,15:00,19:00
5,2,28,10,2,11:00,15:00,15:00,19:00
5,3,36,1,8,08:00,12:00,12:00,16:00
5,3,36,2,0,08:00,12:00,13:00,17:00
5,3,36,3,16,08:00,12:00,14:00,18:00
5,3,36,4,3,08:00,12:00,15:00,19:00
5,3,36,5,0,09:00,13:00,13:00,17:00
5,3,36,6,0,09:00,13:00,14:00,18:00
5,3,36,7,0,09:00,13:00,15:00,19:00
5,3,36,8,9,10:00,14:00,14:00,18:00
5,3,36,9,0,10:00,14:00,15:00,19:00
5,3,36,10,0,11:00,15:00,15:00,19:00
5,4,31,1,9,08:00,12:00,12:00,16:00
5,4,31,2,0,08:00,12:00,13:00,17:00
5,4,31,3,0,08:00,12:00,14:00,18:00
5,4,31,4,13,08:00,12:00,15:00,19:00
5,4,31,5,0,09:00,13:00,13:00,17:00
5,4,31,6,0,09:00,13:00,14:00,18:00
5,4,31,7,0,09:00,13:00,15:00,19:00
5,4,31,8,2,10:00,14:00,14:00,18:00
5,4,31,9,3,10:00,14:00,15:00,19:00
5,4,31,10,4,11:00,15:00,15:00,19:00
5,5,41,1,19,08:00,12:00,12:00,16:00
5,5,41,2,0,08:00,12:00,13:00,17:00
5,5,41,3,0,08:00,12:00,14:00,18:00
5,5,41,4,14,08:00,12:00,15:00,19:00
5,5,41,5,0,09:00,13:00,13:00,17:00
5,5,41,6,0,09:00,13:00,14:00,18:00
5,5,41,7,0,09:00,13:00,15:00,19:00
5,5,41,8,0,10:00,14:00,14:00,18:00
5,5,41,9,0,10:00,14:00,15:00,19:00
5,5,41,10,8,11:00,15:00,15:00,19:00
5,6,33,1,3,08:00,12:00,12:00,16:00
5,6,33,2,0,08:00,12:00,13:00,17:00
5,6,33,3,0,08:00,12:00,14:00,18:00
5,6,33,4,11,08:00,12:00,15:00,19:00
5,6,33,5,0,09:00,13:00,13:00,17:00
5,6,33,6,0,09:00,13:00,14:00,18:00
5,6,33,7,13,09:00,13:00,15:00,19:00
5,6,33,8,0,10:00,14:00,14:00,18:00
5,6,33,9,1,10:00,14:00,15:00,19:00
5,6,33,10,5,11:00,15:00,15:00,19:00
5,7,24,1,14,08:00,12:00,12:00,16:00
5,7,24,2,0,08:00,12:00,13:00,17:00
5,7,24,3,0,08:00,12:00,14:00,18:00
5,7,24,4,3,08:00,12:00,15:00,19:00
5,7,24,5,0,09:00,13:00,13:00,17:00
5,7,24,6,0,09:00,13:00,14:00,18:00
5,7,24,7,3,09:00,13:00,15:00,19:00
5,7,24,8,2,10:00,14:00,14:00,18:00
5,7,24,9,2,10:00,14:00,15:00,19:00
5,7,24,10,0,11:00,15:00,15:00,19:00
5,8,42,1,12,08:00,12:00,12:00,16:00
5,8,42,2,0,08:00,12:00,13:00,17:00
5,8,42,3,0,08:00,12:00,14:00,18:00
5,8,42,4,20,08:00,12:00,15:00,19:00
5,8,42,5,0,09:00,13:00,13:00,17:00
5,8,42,6,0,09:00,13:00,14:00,18:00
5,8,42,7,0,09:00,13:00,15:00,19:00
5,8,42,8,0,10:00,14:00,14:00,18:00
5,8,42,9,0,10:00,14:00,15:00,19:00
5,8,42,10,10,11:00,15:00,15:00,19:00
5,9,43,1,20,08:00,12:00,12:00,16:00
5,9,43,2,0,08:00,12:00,13:00,17:00
5,9,43,3,0,08:00,12:00,14:00,18:00
5,9,43,4,16,08:00,12:00,15:00,19:00
5,9,43,5,0,09:00,13:00,13:00,17:00
5,9,43,6,0,09:00,13:00,14:00,18:00
5,9,43,7,7,09:00,13:00,15:00,19:00
5,9,43,8,0,10:00,14:00,14:00,18:00
5,9,43,9,0,10:00,14:00,15:00,19:00
5,9,43,10,0,11:00,15:00,15:00,19:00
5,10,45,1,15,08:00,12:00,12:00,16:00
5,10,45,2,0,08:00,12:00,13:00,17:00
5,10,45,3,0,08:00,12:00,14:00,18:00
5,10,45,4,16,08:00,12:00,15:00,19:00
5,10,45,5,0,09:00,13:00,13:00,17:00
5,10,45,6,0,09:00,13:00,14:00,18:00
5,10,45,7,0,09:00,13:00,15:00,19:00
5,10,45,8,0,10:00,14:00,14:00,18:00
5,10,45,9,0,10:00,14:00,15:00,19:00
5,10,45,10,14,11:00,15:00,15:00,19:00
6,1,29,1,1,08:00,12:00,12:00,16:00
6,1,29,2,4,08:00,12:00,13:00,17:00
6,1,29,3,4,08:00,12:00,14:00,18:00
6,1,29,4,2,08:00,12:00,15:00,19:00
6,1,29,5,18,09:00,13:00,13:00,17:00
6,1,29,6,0,09:00,13:00,14:00,18:00
6,1,29,7,0,09:00,13:00,15:00,19:00
6,1,29,8,0,10:00,14:00,14:00,18:00
6,1,29,9,0,10:00,14:00,15:00,19:00
6,1,29,10,0,11:00,15:00,15:00,19:00
6,2,39,1,11,08:00,12:00,12:00,16:00
6,2,39,2,14,08:00,12:00,13:00,17:00
6,2,39,3,0,08:00,12:00,14:00,18:00
6,2,39,4,10,08:00,12:00,15:00,19:00
6,2,39,5,0,09:00,13:00,13:00,17:00
6,2,39,6,0,09:00,13:00,14:00,18:00
6,2,39,7,0,09:00,13:00,15:00,19:00
6,2,39,8,0,10:00,14:00,14:00,18:00
6,2,39,9,0,10:00,14:00,15:00,19:00
6,2,39,10,4,11:00,15:00,15:00,19:00
6,3,38,1,11,08:00,12:00,12:00,16:00
6,3,38,2,0,08:00,12:00,13:00,17:00
6,3,38,3,0,08:00,12:00,14:00,18:00
6,3,38,4,12,08:00,12:00,15:00,19:00
6,3,38,5,0,09:00,13:00,13:00,17:00
6,3,38,6,0,09:00,13:00,14:00,18:00
6,3,38,7,0,09:00,13:00,15:00,19:00
6,3,38,8,0,10:00,14:00,14:00,18:00
6,3,38,9,15,10:00,14:00,15:00,19:00
6,3,38,10,0,11:00,15:00,15:00,19:00
6,4,41,1,15,08:00,12:00,12:00,16:00
6,4,41,2,0,08:00,12:00,13:00,17:00
6,4,41,3,0,08:00,12:00,14:00,18:00
6,4,41,4,22,08:00,12:00,15:00,19:00
6,4,41,5,0,09:00,13:00,13:00,17:00
6,4,41,6,0,09:00,13:00,14:00,18:00
6,4,41,7,0,09:00,13:00,15:00,19:00
6,4,41,8,0,10:00,14:00,14:00,18:00
6,4,41,9,4,10:00,14:00,15:00,19:00
6,4,41,10,0,11:00,15:00,15:00,19:00
6,5,37,1,9,08:00,12:00,12:00,16:00
6,5,37,2,0,08:00,12:00,13:00,17:00
6,5,37,3,2,08:00,12:00,14:00,18:00
6,5,37,4,6,08:00,12:00,15:00,19:00
6,5,37,5,0,09:00,13:00,13:00,17:00
6,5,37,6,0,09:00,13:00,14:00,18:00
6,5,37,7,0,09:00,13:00,15:00,19:00
6,5,37,8,20,10:00,14:00,14:00,18:00
6,5,37,9,0,10:00,14:00,15:00,19:00
6,5,37,10,0,11:00,15:00,15:00,19:00
6,6,29,1,19,08:00,12:00,12:00,16:00
6,6,29,2,0,08:00,12:00,13:00,17:00
6,6,29,3,0,08:00,12:00,14:00,18:00
6,6,29,4,5,08:00,12:00,15:00,19:00
6,6,29,5,0,09:00,13:00,13:00,17:00
6,6,29,6,4,09:00,13:00,14:00,18:00
6,6,29,7,1,09:00,13:00,15:00,19:00
6,6,29,8,0,10:00,14:00,14:00,18:00
6,6,29,9,0,10:00,14:00,15:00,19:00
6,6,29,10,0,11:00,15:00,15:00,19:00
6,7,31,1,4,08:00,12:00,12:00,16:00
6,7,31,2,0,08:00,12:00,13:00,17:00
6,7,31,3,4,08:00,12:00,14:00,18:00
6,7,31,4,1,08:00,12:00,15:00,19:00
6,7,31,5,21,09:00,13:00,13:00,17:00
6,7,31,6,1,09:00,13:00,14:00,18:00
6,7,31,7,0,09:00,13:00,15:00,19:00
6,7,31,8,0,10:00,14:00,14:00,18:00
6,7,31,9,0,10:00,14:00,15:00,19:00
6,7,31,10,0,11:00,15:00,15:00,19:00
6,8,34,1,4,08:00,12:00,12:00,16:00
6,8,34,2,2,08:00,12:00,13:00,17:00
6,8,34,3,0,08:00,12:00,14:00,18:00
6,8,34,4,14,08:00,12:00,15:00,19:00
6,8,34,5,1,09:00,13:00,13:00,17:00
6,8,34,6,0,09:00,13:00,14:00,18:00
6,8,34,7,0,09:00,13:00,15:00,19:00
6,8,34,8,0,10:00,14:00,14:00,18:00
6,8,34,9,0,10:00,14:00,15:00,19:00
6,8,34,10,13,11:00,15:00,15:00,19:00
6,9,33,1,4,08:00,12:00,12:00,16:00
6,9,33,2,0,08:00,12:00,13:00,17:00
6,9,33,3,0,08:00,12:00,14:00,18:00
6,9,33,4,5,08:00,12:00,15:00,19:00
6,9,33,5,0,09:00,13:00,13:00,17:00
6,9,33,6,0,09:00,13:00,14:00,18:00
6,9,33,7,16,09:00,13:00,15:00,19:00
6,9,33,8,0,10:00,14:00,14:00,18:00
6,9,33,9,2,10:00,14:00,15:00,19:00
6,9,33,10,6,11:00,15:00,15:00,19:00
6,10,30,1,3,08:00,12:00,12:00,16:00
6,10,30,2,13,08:00,12:00,13:00,17:00
6,10,30,3,0,08:00,12:00,14:00,18:00
6,10,30,4,7,08:00,12:00,15:00,19:00
6,10,30,5,1,09:00,13:00,13:00,17:00
6,10,30,6,0,09:00,13:00,14:00,18:00
6,10,30,7,0,09:00,13:00,15:00,19:00
6,10,30,8,0,10:00,14:00,14:00,18:00
6,10,30,9,0,10:00,14:00,15:00,19:00
6,10,30,10,6,11:00,15:00,15:00,19:00
7,1,39,1,14,08:00,12:00,12:00,16:00
7,1,39,2,1,08:00,12:00,13:00,17:00
7,1,39,3,5,08:00,12:00,14:00,18:00
7,1,39,4,16,08:00,12:00,15:00,19:00
7,1,39,5,0,09:00,13:00,13:00,17:00
7,1,39,6,0,09:00,13:00,14:00,18:00
7,1,39,7,0,09:00,13:00,15:00,19:00
7,1,39,8,0,10:00,14:00,14:00,18:00
7,1,39,9,0,10:00,14:00,15:00,19:00
7,1,39,10,3,11:00,15:00,15:00,19:00
7,2,30,1,7,08:00,12:00,12:00,16:00
7,2,30,2,0,08:00,12:00,13:00,17:00
7,2,30,3,3,08:00,12:00,14:00,18:00
7,2,30,4,13,08:00,12:00,15:00,19:00
7,2,30,5,0,09:00,13:00,13:00,17:00
7,2,30,6,0,09:00,13:00,14:00,18:00
7,2,30,7,0,09:00,13:00,15:00,19:00
7,2,30,8,2,10:00,14:00,14:00,18:00
7,2,30,9,0,10:00,14:00,15:00,19:00
7,2,30,10,5,11:00,15:00,15:00,19:00
7,3,40,1,13,08:00,12:00,12:00,16:00
7,3,40,2,0,08:00,12:00,13:00,17:00
7,3,40,3,0,08:00,12:00,14:00,18:00
7,3,40,4,13,08:00,12:00,15:00,19:00
7,3,40,5,0,09:00,13:00,13:00,17:00
7,3,40,6,0,09:00,13:00,14:00,18:00
7,3,40,7,0,09:00,13:00,15:00,19:00
7,3,40,8,0,10:00,14:00,14:00,18:00
7,3,40,9,6,10:00,14:00,15:00,19:00
7,3,40,10,8,11:00,15:00,15:00,19:00
7,4,37,1,7,08:00,12:00,12:00,16:00
7,4,37,2,0,08:00,12:00,13:00,17:00
7,4,37,3,1,08:00,12:00,14:00,18:00
7,4,37,4,13,08:00,12:00,15:00,19:00
7,4,37,5,0,09:00,13:00,13:00,17:00
7,4,37,6,0,09:00,13:00,14:00,18:00
7,4,37,7,0,09:00,13:00,15:00,19:00
7,4,37,8,11,10:00,14:00,14:00,18:00
7,4,37,9,0,10:00,14:00,15:00,19:00
7,4,37,10,5,11:00,15:00,15:00,19:00
7,5,44,1,16,08:00,12:00,12:00,16:00
7,5,44,2,0,08:00,12:00,13:00,17:00
7,5,44,3,4,08:00,12:00,14:00,18:00
7,5,44,4,17,08:00,12:00,15:00,19:00
7,5,44,5,0,09:00,13:00,13:00,17:00
7,5,44,6,0,09:00,13:00,14:00,18:00
7,5,44,7,0,09:00,13:00,15:00,19:00
7,5,44,8,7,10:00,14:00,14:00,18:00
7,5,44,9,0,10:00,14:00,15:00,19:00
7,5,44,10,0,11:00,15:00,15:00,19:00
7,6,39,1,11,08:00,12:00,12:00,16:00
7,6,39,2,0,08:00,12:00,13:00,17:00
7,6,39,3,0,08:00,12:00,14:00,18:00
7,6,39,4,21,08:00,12:00,15:00,19:00
7,6,39,5,0,09:00,13:00,13:00,17:00
7,6,39,6,0,09:00,13:00,14:00,18:00
7,6,39,7,7,09:00,13:00,15:00,19:00
7,6,39,8,0,10:00,14:00,14:00,18:00
7,6,39,9,0,10:00,14:00,15:00,19:00
7,6,39,10,0,11:00,15:00,15:00,19:00
7,7,42,1,22,08:00,12:00,12:00,16:00
7,7,42,2,0,08:00,12:00,13:00,17:00
7,7,42,3,9,08:00,12:00,14:00,18:00
7,7,42,4,11,08:00,12:00,15:00,19:00
7,7,42,5,0,09:00,13:00,13:00,17:00
7,7,42,6,0,09:00,13:00,14:00,18:00
7,7,42,7,0,09:00,13:00,15:00,19:00
7,7,42,8,0,10:00,14:00,14:00,18:00
7,7,42,9,0,10:00,14:00,15:00,19:00
7,7,42,10,0,11:00,15:00,15:00,19:00
7,8,34,1,6,08:00,12:00,12:00,16:00
7,8,34,2,0,08:00,12:00,13:00,17:00
7,8,34,3,0,08:00,12:00,14:00,18:00
7,8,34,4,8,08:00,12:00,15:00,19:00
7,8,34,5,0,09:00,13:00,13:00,17:00
7,8,34,6,6,09:00,13:00,14:00,18:00
7,8,34,7,9,09:00,13:00,15:00,19:00
7,8,34,8,5,10:00,14:00,14:00,18:00
7,8,34,9,0,10:00,14:00,15:00,19:00
7,8,34,10,0,11:00,15:00,15:00,19:00
7,9,35,1,8,08:00,12:00,12:00,16:00
7,9,35,2,0,08:00,12:00,13:00,17:00
7,9,35,3,0,08:00,12:00,14:00,18:00
7,9,35,4,10,08:00,12:00,15:00,19:00
7,9,35,5,0,09:00,13:00,13:00,17:00
7,9,35,6,0,09:00,13:00,14:00,18:00
7,9,35,7,4,09:00,13:00,15:00,19:00
7,9,35,8,0,10:00,14:00,14:00,18:00
7,9,35,9,7,10:00,14:00,15:00,19:00
7,9,35,10,6,11:00,15:00,15:00,19:00
7,10,45,1,17,08:00,12:00,12:00,16:00
7,10,45,2,0,08:00,12:00,13:00,17:00
7,10,45,3,1,08:00,12:00,14:00,18:00
7,10,45,4,17,08:00,12:00,15:00,19:00
7,10,45,5,0,09:00,13:00,13:00,17:00
7,10,45,6,0,09:00,13:00,14:00,18:00
7,10,45,7,0,09:00,13:00,15:00,19:00
7,10,45,8,10,10:00,14:00,14:00,18:00
7,10,45,9,0,10:00,14:00,15:00,19:00
7,10,45,10,0,11:00,15:00,15:00,19:00
8,1,28,1,2,08:00,12:00,12:00,16:00
8,1,28,2,3,08:00,12:00,13:00,17:00
8,1,28,3,0,08:00,12:00,14:00,18:00
8,1,28,4,9,08:00,12:00,15:00,19:00
8,1,28,5,0,09:00,13:00,13:00,17:00
8,1,28,6,0,09:00,13:00,14:00,18:00
8,1,28,7,0,09:00,13:00,15:00,19:00
8,1,28,8,0,10:00,14:00,14:00,18:00
8,1,28,9,3,10:00,14:00,15:00,19:00
8,1,28,10,11,11:00,15:00,15:00,19:00
8,2,27,1,4,08:00,12:00,12:00,16:00
8,2,27,2,0,08:00,12:00,13:00,17:00
8,2,27,3,0,08:00,12:00,14:00,18:00
8,2,27,4,12,08:00,12:00,15:00,19:00
8,2,27,5,0,09:00,13:00,13:00,17:00
8,2,27,6,0,09:00,13:00,14:00,18:00
8,2,27,7,0,09:00,13:00,15:00,19:00
8,2,27,8,0,10:00,14:00,14:00,18:00
8,2,27,9,5,10:00,14:00,15:00,19:00
8,2,27,10,6,11:00,15:00,15:00,19:00
8,3,43,1,14,08:00,12:00,12:00,16:00
8,3,43,2,0,08:00,12:00,13:00,17:00
8,3,43,3,0,08:00,12:00,14:00,18:00
8,3,43,4,14,08:00,12:00,15:00,19:00
8,3,43,5,0,09:00,13:00,13:00,17:00
8,3,43,6,0,09:00,13:00,14:00,18:00
8,3,43,7,0,09:00,13:00,15:00,19:00
8,3,43,8,3,10:00,14:00,14:00,18:00
8,3,43,9,12,10:00,14:00,15:00,19:00
8,3,43,10,0,11:00,15:00,15:00,19:00
8,4,34,1,12,08:00,12:00,12:00,16:00
8,4,34,2,1,08:00,12:00,13:00,17:00
8,4,34,3,7,08:00,12:00,14:00,18:00
8,4,34,4,5,08:00,12:00,15:00,19:00
8,4,34,5,0,09:00,13:00,13:00,17:00
8,4,34,6,0,09:00,13:00,14:00,18:00
8,4,34,7,0,09:00,13:00,15:00,19:00
8,4,34,8,2,10:00,14:00,14:00,18:00
8,4,34,9,0,10:00,14:00,15:00,19:00
8,4,34,10,7,11:00,15:00,15:00,19:00
8,5,37,1,13,08:00,12:00,12:00,16:00
8,5,37,2,0,08:00,12:00,13:00,17:00
8,5,37,3,0,08:00,12:00,14:00,18:00
8,5,37,4,17,08:00,12:00,15:00,19:00
8,5,37,5,0,09:00,13:00,13:00,17:00
8,5,37,6,0,09:00,13:00,14:00,18:00
8,5,37,7,0,09:00,13:00,15:00,19:00
8,5,37,8,3,10:00,14:00,14:00,18:00
8,5,37,9,4,10:00,14:00,15:00,19:00
8,5,37,10,0,11:00,15:00,15:00,19:00
8,6,39,1,11,08:00,12:00,12:00,16:00
8,6,39,2,0,08:00,12:00,13:00,17:00
8,6,39,3,0,08:00,12:00,14:00,18:00
8,6,39,4,16,08:00,12:00,15:00,19:00
8,6,39,5,0,09:00,13:00,13:00,17:00
8,6,39,6,0,09:00,13:00,14:00,18:00
8,6,39,7,1,09:00,13:00,15:00,19:00
8,6,39,8,0,10:00,14:00,14:00,18:00
8,6,39,9,11,10:00,14:00,15:00,19:00
8,6,39,10,0,11:00,15:00,15:00,19:00
8,7,40,1,21,08:00,12:00,12:00,16:00
8,7,40,2,3,08:00,12:00,13:00,17:00
8,7,40,3,0,08:00,12:00,14:00,18:00
8,7,40,4,16,08:00,12:00,15:00,19:00
8,7,40,5,0,09:00,13:00,13:00,17:00
8,7,40,6,0,09:00,13:00,14:00,18:00
8,7,40,7,0,09:00,13:00,15:00,19:00
8,7,40,8,0,10:00,14:00,14:00,18:00
8,7,40,9,0,10:00,14:00,15:00,19:00
8,7,40,10,0,11:00,15:00,15:00,19:00
8,8,40,1,13,08:00,12:00,12:00,16:00
8,8,40,2,0,08:00,12:00,13:00,17:00
8,8,40,3,2,08:00,12:00,14:00,18:00
8,8,40,4,10,08:00,12:00,15:00,19:00
8,8,40,5,0,09:00,13:00,13:00,17:00
8,8,40,6,0,09:00,13:00,14:00,18:00
8,8,40,7,0,09:00,13:00,15:00,19:00
8,8,40,8,0,10:00,14:00,14:00,18:00
8,8,40,9,0,10:00,14:00,15:00,19:00
8,8,40,10,15,11:00,15:00,15:00,19:00
8,9,35,1,5,08:00,12:00,12:00,16:00
8,9,35,2,12,08:00,12:00,13:00,17:00
8,9,35,3,1,08:00,12:00,14:00,18:00
8,9,35,4,9,08:00,12:00,15:00,19:00
8,9,35,5,3,09:00,13:00,13:00,17:00
8,9,35,6,0,09:00,13:00,14:00,18:00
8,9,35,7,0,09:00,13:00,15:00,19:00
8,9,35,8,0,10:00,14:00,14:00,18:00
8,9,35,9,0,10:00,14:00,15:00,19:00
8,9,35,10,5,11:00,15:00,15:00,19:00
8,10,45,1,19,08:00,12:00,12:00,16:00
8,10,45,2,0,08:00,12:00,13:00,17:00
8,10,45,3,0,08:00,12:00,14:00,18:00
8,10,45,4,19,08:00,12:00,15:00,19:00
8,10,45,5,0,09:00,13:00,13:00,17:00
8,10,45,6,0,09:00,13:00,14:00,18:00
8,10,45,7,3,09:00,13:00,15:00,19:00
8,10,45,8,2,10:00,14:00,14:00,18:00
8,10,45,9,2,10:00,14:00,15:00,19:00
8,10,45,10,0,11:00,15:00,15:00,19:00
9,1,28,1,12,08:00,12:00,12:00,16:00
9,1,28,2,0,08:00,12:00,13:00,17:00
9,1,28,3,0,08:00,12:00,14:00,18:00
9,1,28,4,8,08:00,12:00,15:00,19:00
9,1,28,5,0,09:00,13:00,13:00,17:00
9,1,28,6,0,09:00,13:00,14:00,18:00
9,1,28,7,0,09:00,13:00,15:00,19:00
9,1,28,8,0,10:00,14:00,14:00,18:00
9,1,28,9,2,10:00,14:00,15:00,19:00
9,1,28,10,6,11:00,15:00,15:00,19:00
9,2,30,1,11,08:00,12:00,12:00,16:00
9,2,30,2,0,08:00,12:00,13:00,17:00
9,2,30,3,10,08:00,12:00,14:00,18:00
9,2,30,4,0,08:00,12:00,15:00,19:00
9,2,30,5,0,09:00,13:00,13:00,17:00
9,2,30,6,0,09:00,13:00,14:00,18:00
9,2,30,7,0,09:00,13:00,15:00,19:00
9,2,30,8,0,10:00,14:00,14:00,18:00
9,2,30,9,0,10:00,14:00,15:00,19:00
9,2,30,10,9,11:00,15:00,15:00,19:00
9,3,33,1,16,08:00,12:00,12:00,16:00
9,3,33,2,0,08:00,12:00,13:00,17:00
9,3,33,3,0,08:00,12:00,14:00,18:00
9,3,33,4,11,08:00,12:00,15:00,19:00
9,3,33,5,0,09:00,13:00,13:00,17:00
9,3,33,6,0,09:00,13:00,14:00,18:00
9,3,33,7,0,09:00,13:00,15:00,19:00
9,3,33,8,0,10:00,14:00,14:00,18:00
9,3,33,9,3,10:00,14:00,15:00,19:00
9,3,33,10,3,11:00,15:00,15:00,19:00
9,4,41,1,18,08:00,12:00,12:00,16:00
9,4,41,2,0,08:00,12:00,13:00,17:00
9,4,41,3,0,08:00,12:00,14:00,18:00
9,4,41,4,11,08:00,12:00,15:00,19:00
9,4,41,5,0,09:00,13:00,13:00,17:00
9,4,41,6,0,09:00,13:00,14:00,18:00
9,4,41,7,0,09:00,13:00,15:00,19:00
9,4,41,8,0,10:00,14:00,14:00,18:00
9,4,41,9,12,10:00,14:00,15:00,19:00
9,4,41,10,0,11:00,15:00,15:00,19:00
9,5,38,1,13,08:00,12:00,12:00,16:00
9,5,38,2,0,08:00,12:00,13:00,17:00
9,5,38,3,2,08:00,12:00,14:00,18:00
9,5,38,4,14,08:00,12:00,15:00,19:00
9,5,38,5,0,09:00,13:00,13:00,17:00
9,5,38,6,1,09:00,13:00,14:00,18:00
9,5,38,7,0,09:00,13:00,15:00,19:00
9,5,38,8,0,10:00,14:00,14:00,18:00
9,5,38,9,0,10:00,14:00,15:00,19:00
9,5,38,10,8,11:00,15:00,15:00,19:00
9,6,31,1,9,08:00,12:00,12:00,16:00
9,6,31,2,0,08:00,12:00,13:00,17:00
9,6,31,3,2,08:00,12:00,14:00,18:00
9,6,31,4,10,08:00,12:00,15:00,19:00
9,6,31,5,0,09:00,13:00,13:00,17:00
9,6,31,6,8,09:00,13:00,14:00,18:00
9,6,31,7,0,09:00,13:00,15:00,19:00
9,6,31,8,2,10:00,14:00,14:00,18:00
9,6,31,9,0,10:00,14:00,15:00,19:00
9,6,31,10,0,11:00,15:00,15:00,19:00
9,7,32,1,7,08:00,12:00,12:00,16:00
9,7,32,2,0,08:00,12:00,13:00,17:00
9,7,32,3,0,08:00,12:00,14:00,18:00
9,7,32,4,8,08:00,12:00,15:00,19:00
9,7,32,5,0,09:00,13:00,13:00,17:00
9,7,32,6,0,09:00,13:00,14:00,18:00
9,7,32,7,0,09:00,13:00,15:00,19:00
9,7,32,8,16,10:00,14:00,14:00,18:00
9,7,32,9,1,10:00,14:00,15:00,19:00
9,7,32,10,0,11:00,15:00,15:00,19:00
9,8,32,1,14,08:00,12:00,12:00,16:00
9,8,32,2,0,08:00,12:00,13:00,17:00
9,8,32,3,2,08:00,12:00,14:00,18:00
9,8,32,4,9,08:00,12:00,15:00,19:00
9,8,32,5,0,09:00,13:00,13:00,17:00
9,8,32,6,3,09:00,13:00,14:00,18:00
9,8,32,7,0,09:00,13:00,15:00,19:00
9,8,32,8,4,10:00,14:00,14:00,18:00
9,8,32,9,0,10:00,14:00,15:00,19:00
9,8,32,10,0,11:00,15:00,15:00,19:00
9,9,30,1,4,08:00,12:00,12:00,16:00
9,9,30,2,0,08:00,12:00,13:00,17:00
9,9,30,3,0,08:00,12:00,14:00,18:00
9,9,30,4,8,08:00,12:00,15:00,19:00
9,9,30,5,0,09:00,13:00,13:00,17:00
9,9,30,6,0,09:00,13:00,14:00,18:00
9,9,30,7,16,09:00,13:00,15:00,19:00
9,9,30,8,0,10:00,14:00,14:00,18:00
9,9,30,9,2,10:00,14:00,15:00,19:00
9,9,30,10,0,11:00,15:00,15:00,19:00
9,10,30,1,0,08:00,12:00,12:00,16:00
9,10,30,2,0,08:00,12:00,13:00,17:00
9,10,30,3,1,08:00,12:00,14:00,18:00
9,10,30,4,22,08:00,12:00,15:00,19:00
9,10,30,5,0,09:00,13:00,13:00,17:00
9,10,30,6,4,09:00,13:00,14:00,18:00
9,10,30,7,0,09:00,13:00,15:00,19:00
9,10,30,8,3,10:00,14:00,14:00,18:00
9,10,30,9,0,10:00,14:00,15:00,19:00
9,10,30,10,0,11:00,15:00,15:00,19:00
10,1,33,1,21,08:00,12:00,12:00,16:00
10,1,33,2,1,08:00,12:00,13:00,17:00
10,1,33,3,0,08:00,12:00,14:00,18:00
10,1,33,4,11,08:00,12:00,15:00,19:00
10,1,33,5,0,09:00,13:00,13:00,17:00
10,1,33,6,0,09:00,13:00,14:00,18:00
10,1,33,7,0,09:00,13:00,15:00,19:00
10,1,33,8,0,10:00,14:00,14:00,18:00
10,1,33,9,0,10:00,14:00,15:00,19:00
10,1,33,10,0,11:00,15:00,15:00,19:00
10,2,34,1,4,08:00,12:00,12:00,16:00
10,2,34,2,0,08:00,12:00,13:00,17:00
10,2,34,3,0,08:00,12:00,14:00,18:00
10,2,34,4,7,08:00,12:00,15:00,19:00
10,2,34,5,16,09:00,13:00,13:00,17:00
10,2,34,6,7,09:00,13:00,14:00,18:00
10,2,34,7,0,09:00,13:00,15:00,19:00
10,2,34,8,0,10:00,14:00,14:00,18:00
10,2,34,9,0,10:00,14:00,15:00,19:00
10,2,34,10,0,11:00,15:00,15:00,19:00
10,3,35,1,14,08:00,12:00,12:00,16:00
10,3,35,2,0,08:00,12:00,13:00,17:00
10,3,35,3,0,08:00,12:00,14:00,18:00
10,3,35,4,5,08:00,12:00,15:00,19:00
10,3,35,5,0,09:00,13:00,13:00,17:00
10,3,35,6,0,09:00,13:00,14:00,18:00
10,3,35,7,0,09:00,13:00,15:00,19:00
10,3,35,8,0,10:00,14:00,14:00,18:00
10,3,35,9,5,10:00,14:00,15:00,19:00
10,3,35,10,11,11:00,15:00,15:00,19:00
10,4,30,1,4,08:00,12:00,12:00,16:00
10,4,30,2,8,08:00,12:00,13:00,17:00
10,4,30,3,5,08:00,12:00,14:00,18:00
10,4,30,4,2,08:00,12:00,15:00,19:00
10,4,30,5,10,09:00,13:00,13:00,17:00
10,4,30,6,0,09:00,13:00,14:00,18:00
10,4,30,7,0,09:00,13:00,15:00,19:00
10,4,30,8,0,10:00,14:00,14:00,18:00
10,4,30,9,0,10:00,14:00,15:00,19:00
10,4,30,10,1,11:00,15:00,15:00,19:00
10,5,28,1,6,08:00,12:00,12:00,16:00
10,5,28,2,8,08:00,12:00,13:00,17:00
10,5,28,3,0,08:00,12:00,14:00,18:00
10,5,28,4,2,08:00,12:00,15:00,19:00
10,5,28,5,0,09:00,13:00,13:00,17:00
10,5,28,6,0,09:00,13:00,14:00,18:00
10,5,28,7,0,09:00,13:00,15:00,19:00
10,5,28,8,7,10:00,14:00,14:00,18:00
10,5,28,9,5,10:00,14:00,15:00,19:00
10,5,28,10,0,11:00,15:00,15:00,19:00
10,6,39,1,13,08:00,12:00,12:00,16:00
10,6,39,2,0,08:00,12:00,13:00,17:00
10,6,39,3,6,08:00,12:00,14:00,18:00
10,6,39,4,12,08:00,12:00,15:00,19:00
10,6,39,5,0,09:00,13:00,13:00,17:00
10,6,39,6,0,09:00,13:00,14:00,18:00
10,6,39,7,0,09:00,13:00,15:00,19:00
10,6,39,8,3,10:00,14:00,14:00,18:00
10,6,39,9,0,10:00,14:00,15:00,19:00
10,6,39,10,5,11:00,15:00,15:00,19:00
10,7,30,1,0,08:00,12:00,12:00,16:00
10,7,30,2,22,08:00,12:00,13:00,17:00
10,7,30,3,0,08:00,12:00,14:00,18:00
10,7,30,4,4,08:00,12:00,15:00,19:00
10,7,30,5,1,09:00,13:00,13:00,17:00
10,7,30,6,0,09:00,13:00,14:00,18:00
10,7,30,7,0,09:00,13:00,15:00,19:00
10,7,30,8,0,10:00,14:00,14:00,18:00
10,7,30,9,0,10:00,14:00,15:00,19:00
10,7,30,10,3,11:00,15:00,15:00,19:00
10,8,30,1,3,08:00,12:00,12:00,16:00
10,8,30,2,0,08:00,12:00,13:00,17:00
10,8,30,3,4,08:00,12:00,14:00,18:00
10,8,30,4,17,08:00,12:00,15:00,19:00
10,8,30,5,0,09:00,13:00,13:00,17:00
10,8,30,6,3,09:00,13:00,14:00,18:00
10,8,30,7,0,09:00,13:00,15:00,19:00
10,8,30,8,3,10:00,14:00,14:00,18:00
10,8,30,9,0,10:00,14:00,15:00,19:00
10,8,30,10,0,11:00,15:00,15:00,19:00
10,9,37,1,12,08:00,12:00,12:00,16:00
10,9,37,2,0,08:00,12:00,13:00,17:00
10,9,37,3,0,08:00,12:00,14:00,18:00
10,9,37,4,17,08:00,12:00,15:00,19:00
10,9,37,5,0,09:00,13:00,13:00,17:00
10,9,37,6,0,09:00,13:00,14:00,18:00
10,9,37,7,0,09:00,13:00,15:00,19:00
10,9,37,8,0,10:00,14:00,14:00,18:00
10,9,37,9,0,10:00,14:00,15:00,19:00
10,9,37,10,8,11:00,15:00,15:00,19:00
10,10,29,1,2,08:00,12:00,12:00,16:00
10,10,29,2,0,08:00,12:00,13:00,17:00
10,10,29,3,0,08:00,12:00,14:00,18:00
10,10,29,4,8,08:00,12:00,15:00,19:00
10,10,29,5,0,09:00,13:00,13:00,17:00
10,10,29,6,0,09:00,13:00,14:00,18:00
10,10,29,7,3,09:00,13:00,15:00,19:00
10,10,29,8,0,10:00,14:00,14:00,18:00
10,10,29,9,0,10:00,14:00,15:00,19:00
10,10,29,10,16,11:00,15:00,15:00,19:00
