day,hour,hour_start,hour_end,group,demand,coverage,slack
1,1,08:00,09:00,1,8,14,6
1,1,08:00,09:00,2,14,15,1
1,1,08:00,09:00,3,5,9,4
1,1,08:00,09:00,4,12,13,1
1,1,08:00,09:00,5,14,19,5
1,1,08:00,09:00,6,15,18,3
1,1,08:00,09:00,7,19,20,1
1,1,08:00,09:00,8,9,15,6
1,1,08:00,09:00,9,3,15,12
1,1,08:00,09:00,10,1,20,19
1,2,09:00,10:00,1,5,17,12
1,2,09:00,10:00,2,4,15,11
1,2,09:00,10:00,3,4,9,5
1,2,09:00,10:00,4,11,20,9
1,2,09:00,10:00,5,19,19,0
1,2,09:00,10:00,6,16,18,2
1,2,09:00,10:00,7,9,20,11
1,2,09:00,10:00,8,17,18,1
1,2,09:00,10:00,9,13,18,5
1,2,09:00,10:00,10,19,20,1
1,3,10:00,11:00,1,16,17,1
1,3,10:00,11:00,2,2,15,13
1,3,10:00,11:00,3,10,18,8
1,3,10:00,11:00,4,10,20,10
1,3,10:00,11:00,5,15,19,4
1,3,10:00,11:00,6,18,18,0
1,3,10:00,11:00,7,18,24,6
1,3,10:00,11:00,8,6,18,12
1,3,10:00,11:00,9,12,18,6
1,3,10:00,11:00,10,14,27,13
1,4,11:00,12:00,1,1,18,17
1,4,11:00,12:00,2,11,19,8
1,4,11:00,12:00,3,16,18,2
1,4,11:00,12:00,4,5,22,17
1,4,11:00,12:00,5,18,27,9
1,4,11:00,12:00,6,1,18,17
1,4,11:00,12:00,7,11,24,13
1,4,11:00,12:00,8,3,23,20
1,4,11:00,12:00,9,5,18,13
1,4,11:00,12:00,10,2,27,25
1,5,12:00,13:00,1,9,9,0
1,5,12:00,13:00,2,6,8,2
1,5,12:00,13:00,3,5,9,4
1,5,12:00,13:00,4,19,19,0
1,5,12:00,13:00,5,1,18,17
1,5,12:00,13:00,6,3,3,0
1,5,12:00,13:00,7,5,11,6
1,5,12:00,13:00,8,16,16,0
1,5,12:00,13:00,9,3,3,0
1,5,12:00,13:00,10,4,16,12
1,6,13:00,14:00,1,14,15,1
1,6,13:00,14:00,2,7,10,3
1,6,13:00,14:00,3,9,9,0
1,6,13:00,14:00,4,5,12,7
1,6,13:00,14:00,5,2,18,16
1,6,13:00,14:00,6,3,3,0
1,6,13:00,14:00,7,11,11,0
1,6,13:00,14:00,8,10,13,3
1,6,13:00,14:00,9,8,16,8
1,6,13:00,14:00,10,16,16,0
1,7,14:00,15:00,1,15,15,0
1,7,14:00,15:00,2,10,10,0
1,7,14:00,15:00,3,6,15,9
1,7,14:00,15:00,4,17,17,0
1,7,14:00,15:00,5,19,19,0
1,7,14:00,15:00,6,3,3,0
1,7,14:00,15:00,7,11,19,8
1,7,14:00,15:00,8,17,17,0
1,7,14:00,15:00,9,13,16,3
1,7,14:00,15:00,10,4,25,21
1,8,15:00,16:00,1,15,18,3
1,8,15:00,16:00,2,13,19,6
1,8,15:00,16:00,3,10,18,8
1,8,15:00,16:00,4,4,22,18
1,8,15:00,16:00,5,18,27,9
1,8,15:00,16:00,6,11,18,7
1,8,15:00,16:00,7,17,24,7
1,8,15:00,16:00,8,8,23,15
1,8,15:00,16:00,9,1,18,17
1,8,15:00,16:00,10,19,27,8
1,9,16:00,17:00,1,13,13,0
1,9,16:00,17:00,2,15,15,0
1,9,16:00,17:00,3,11,18,7
1,9,16:00,17:00,4,6,12,6
1,9,16:00,17:00,5,8,17,9
1,9,16:00,17:00,6,3,15,12
1,9,16:00,17:00,7,14,17,3
1,9,16:00,17:00,8,5,15,10
1,9,16:00,17:00,9,18,18,0
1,9,16:00,17:00,10,16,18,2
1,10,17:00,18:00,1,2,4,2
1,10,17:00,18:00,2,7,13,6
1,10,17:00,18:00,3,18,18,0
1,10,17:00,18:00,4,12,12,0
1,10,17:00,18:00,5,17,17,0
1,10,17:00,18:00,6,15,15,0
1,10,17:00,18:00,7,17,17,0
1,10,17:00,18:00,8,15,15,0
1,10,17:00,18:00,9,2,2,0
1,10,17:00,18:00,10,18,18,0
1,11,18:00,19:00,1,4,4,0
1,11,18:00,19:00,2,13,13,0
1,11,18:00,19:00,3,3,3,0
1,11,18:00,19:00,4,7,7,0
1,11,18:00,19:00,5,16,16,0
1,11,18:00,19:00,6,15,15,0
1,11,18:00,19:00,7,5,5,0
1,11,18:00,19:00,8,11,11,0
1,11,18:00,19:00,9,2,2,0
1,11,18:00,19:00,10,2,2,0
2,1,08:00,09:00,1,15,18,3
2,1,08:00,09:00,2,28,32,4
2,1,08:00,09:00,3,27,28,1
2,1,08:00,09:00,4,19,19,0
2,1,08:00,09:00,5,25,26,1
2,1,08:00,09:00,6,7,8,1
2,1,08:00,09:00,7,18,29,11
2,1,08:00,09:00,8,22,23,1
2,1,08:00,09:00,9,23,29,6
2,1,08:00,09:00,10,29,45,16
2,2,09:00,10:00,1,29,29,0
2,2,09:00,10:00,2,20,32,12
2,2,09:00,10:00,3,2,28,26
2,2,09:00,10:00,4,13,25,12
2,2,09:00,10:00,5,26,26,0
2,2,09:00,10:00,6,19,29,10
2,2,09:00,10:00,7,9,29,20
2,2,09:00,10:00,8,16,23,7
2,2,09:00,10:00,9,3,29,26
2,2,09:00,10:00,10,26,45,19
2,3,10:00,11:00,1,6,29,23
2,3,10:00,11:00,2,1,32,31
2,3,10:00,11:00,3,21,37,16
2,3,10:00,11:00,4,23,25,2
2,3,10:00,11:00,5,16,36,20
2,3,10:00,11:00,6,6,29,23
2,3,10:00,11:00,7,28,29,1
2,3,10:00,11:00,8,4,30,26
2,3,10:00,11:00,9,2,29,27
2,3,10:00,11:00,10,21,45,24
2,4,11:00,12:00,1,6,29,23
2,4,11:00,12:00,2,19,39,20
2,4,11:00,12:00,3,15,37,22
2,4,11:00,12:00,4,9,35,26
2,4,11:00,12:00,5,23,36,13
2,4,11:00,12:00,6,4,30,26
2,4,11:00,12:00,7,24,42,18
2,4,11:00,12:00,8,11,30,19
2,4,11:00,12:00,9,19,43,24
2,4,11:00,12:00,10,29,45,16
2,5,12:00,13:00,1,18,18,0
2,5,12:00,13:00,2,16,24,8
2,5,12:00,13:00,3,3,22,19
2,5,12:00,13:00,4,21,21,0
2,5,12:00,13:00,5,14,26,12
2,5,12:00,13:00,6,28,28,0
2,5,12:00,13:00,7,18,29,11
2,5,12:00,13:00,8,5,9,4
2,5,12:00,13:00,9,5,27,22
2,5,12:00,13:00,10,7,24,17
2,6,13:00,14:00,1,1,7,6
2,6,13:00,14:00,2,23,24,1
2,6,13:00,14:00,3,22,22,0
2,6,13:00,14:00,4,6,15,9
2,6,13:00,14:00,5,26,26,0
2,6,13:00,14:00,6,3,7,4
2,6,13:00,14:00,7,1,29,28
2,6,13:00,14:00,8,9,9,0
2,6,13:00,14:00,9,1,29,28
2,6,13:00,14:00,10,6,32,26
2,7,14:00,15:00,1,11,21,10
2,7,14:00,15:00,2,24,24,0
2,7,14:00,15:00,3,10,35,25
2,7,14:00,15:00,4,15,15,0
2,7,14:00,15:00,5,8,35,27
2,7,14:00,15:00,6,7,7,0
2,7,14:00,15:00,7,29,29,0
2,7,14:00,15:00,8,2,2,0
2,7,14:00,15:00,9,29,29,0
2,7,14:00,15:00,10,27,35,8
2,8,15:00,16:00,1,11,29,18
2,8,15:00,16:00,2,12,39,27
2,8,15:00,16:00,3,18,37,19
2,8,15:00,16:00,4,6,35,29
2,8,15:00,16:00,5,18,36,18
2,8,15:00,16:00,6,4,30,26
2,8,15:00,16:00,7,6,42,36
2,8,15:00,16:00,8,19,30,11
2,8,15:00,16:00,9,25,43,18
2,8,15:00,16:00,10,30,45,15
2,9,16:00,17:00,1,7,22,15
2,9,16:00,17:00,2,1,22,21
2,9,16:00,17:00,3,16,24,8
2,9,16:00,17:00,4,6,30,24
2,9,16:00,17:00,5,11,20,9
2,9,16:00,17:00,6,17,24,7
2,9,16:00,17:00,7,15,26,11
2,9,16:00,17:00,8,26,28,2
2,9,16:00,17:00,9,30,30,0
2,9,16:00,17:00,10,21,21,0
2,10,17:00,18:00,1,22,22,0
2,10,17:00,18:00,2,21,22,1
2,10,17:00,18:00,3,24,24,0
2,10,17:00,18:00,4,27,30,3
2,10,17:00,18:00,5,20,20,0
2,10,17:00,18:00,6,22,24,2
2,10,17:00,18:00,7,10,26,16
2,10,17:00,18:00,8,11,28,17
2,10,17:00,18:00,9,8,28,20
2,10,17:00,18:00,10,13,13,0
2,11,18:00,19:00,1,8,8,0
2,11,18:00,19:00,2,22,22,0
2,11,18:00,19:00,3,2,2,0
2,11,18:00,19:00,4,30,30,0
2,11,18:00,19:00,5,1,1,0
2,11,18:00,19:00,6,24,24,0
2,11,18:00,19:00,7,26,26,0
2,11,18:00,19:00,8,28,28,0
2,11,18:00,19:00,9,28,28,0
2,11,18:00,19:00,10,10,10,0
3,1,08:00,09:00,1,16,17,1
3,1,08:00,09:00,2,17,17,0
3,1,08:00,09:00,3,30,30,0
3,1,08:00,09:00,4,5,18,13
3,1,08:00,09:00,5,5,20,15
3,1,08:00,09:00,6,11,21,10
3,1,08:00,09:00,7,29,30,1
3,1,08:00,09:00,8,2,24,22
3,1,08:00,09:00,9,22,23,1
3,1,08:00,09:00,10,22,28,6
3,2,09:00,10:00,1,10,30,20
3,2,09:00,10:00,2,13,17,4
3,2,09:00,10:00,3,23,30,7
3,2,09:00,10:00,4,10,23,13
3,2,09:00,10:00,5,19,20,1
3,2,09:00,10:00,6,18,21,3
3,2,09:00,10:00,7,8,42,34
3,2,09:00,10:00,8,21,25,4
3,2,09:00,10:00,9,9,31,22
3,2,09:00,10:00,10,20,31,11
3,3,10:00,11:00,1,14,30,16
3,3,10:00,11:00,2,2,17,15
3,3,10:00,11:00,3,1,33,32
3,3,10:00,11:00,4,17,27,10
3,3,10:00,11:00,5,6,20,14
3,3,10:00,11:00,6,8,21,13
3,3,10:00,11:00,7,1,42,41
3,3,10:00,11:00,8,25,25,0
3,3,10:00,11:00,9,28,31,3
3,3,10:00,11:00,10,21,34,13
3,4,11:00,12:00,1,15,30,15
3,4,11:00,12:00,2,25,27,2
3,4,11:00,12:00,3,21,33,12
3,4,11:00,12:00,4,19,28,9
3,4,11:00,12:00,5,12,33,21
3,4,11:00,12:00,6,3,28,25
3,4,11:00,12:00,7,28,42,14
3,4,11:00,12:00,8,29,31,2
3,4,11:00,12:00,9,19,31,12
3,4,11:00,12:00,10,21,34,13
3,5,12:00,13:00,1,24,24,0
3,5,12:00,13:00,2,2,13,11
3,5,12:00,13:00,3,8,10,2
3,5,12:00,13:00,4,10,10,0
3,5,12:00,13:00,5,15,17,2
3,5,12:00,13:00,6,7,28,21
3,5,12:00,13:00,7,28,28,0
3,5,12:00,13:00,8,17,17,0
3,5,12:00,13:00,9,14,14,0
3,5,12:00,13:00,10,13,13,0
3,6,13:00,14:00,1,9,11,2
3,6,13:00,14:00,2,9,13,4
3,6,13:00,14:00,3,30,30,0
3,6,13:00,14:00,4,5,5,0
3,6,13:00,14:00,5,15,17,2
3,6,13:00,14:00,6,15,28,13
3,6,13:00,14:00,7,2,16,14
3,6,13:00,14:00,8,20,25,5
3,6,13:00,14:00,9,15,22,7
3,6,13:00,14:00,10,26,26,0
3,7,14:00,15:00,1,10,11,1
3,7,14:00,15:00,2,13,13,0
3,7,14:00,15:00,3,18,31,13
3,7,14:00,15:00,4,1,1,0
3,7,14:00,15:00,5,17,17,0
3,7,14:00,15:00,6,28,28,0
3,7,14:00,15:00,7,3,16,13
3,7,14:00,15:00,8,25,25,0
3,7,14:00,15:00,9,23,28,5
3,7,14:00,15:00,10,18,23,5
3,8,15:00,16:00,1,21,30,9
3,8,15:00,16:00,2,17,27,10
3,8,15:00,16:00,3,28,33,5
3,8,15:00,16:00,4,16,28,12
3,8,15:00,16:00,5,26,33,7
3,8,15:00,16:00,6,25,28,3
3,8,15:00,16:00,7,14,42,28
3,8,15:00,16:00,8,11,31,20
3,8,15:00,16:00,9,27,31,4
3,8,15:00,16:00,10,11,34,23
3,9,16:00,17:00,1,9,19,10
3,9,16:00,17:00,2,13,24,11
3,9,16:00,17:00,3,26,26,0
3,9,16:00,17:00,4,1,28,27
3,9,16:00,17:00,5,3,29,26
3,9,16:00,17:00,6,6,7,1
3,9,16:00,17:00,7,16,26,10
3,9,16:00,17:00,8,21,21,0
3,9,16:00,17:00,9,25,25,0
3,9,16:00,17:00,10,27,27,0
3,10,17:00,18:00,1,6,19,13
3,10,17:00,18:00,2,4,24,20
3,10,17:00,18:00,3,6,6,0
3,10,17:00,18:00,4,18,28,10
3,10,17:00,18:00,5,3,29,26
3,10,17:00,18:00,6,6,7,1
3,10,17:00,18:00,7,9,26,17
3,10,17:00,18:00,8,11,12,1
3,10,17:00,18:00,9,9,9,0
3,10,17:00,18:00,10,11,11,0
3,11,18:00,19:00,1,19,19,0
3,11,18:00,19:00,2,24,24,0
3,11,18:00,19:00,3,2,2,0
3,11,18:00,19:00,4,28,28,0
3,11,18:00,19:00,5,29,29,0
3,11,18:00,19:00,6,7,7,0
3,11,18:00,19:00,7,26,26,0
3,11,18:00,19:00,8,12,12,0
3,11,18:00,19:00,9,3,3,0
3,11,18:00,19:00,10,11,11,0
4,1,08:00,09:00,1,17,29,12
4,1,08:00,09:00,2,25,26,1
4,1,08:00,09:00,3,7,27,20
4,1,08:00,09:00,4,10,10,0
4,1,08:00,09:00,5,12,13,1
4,1,08:00,09:00,6,3,4,1
4,1,08:00,09:00,7,1,29,28
4,1,08:00,09:00,8,25,26,1
4,1,08:00,09:00,9,22,31,9
4,1,08:00,09:00,10,7,8,1
4,2,09:00,10:00,1,29,29,0
4,2,09:00,10:00,2,12,26,14
4,2,09:00,10:00,3,9,27,18
4,2,09:00,10:00,4,14,19,5
4,2,09:00,10:00,5,22,28,6
4,2,09:00,10:00,6,1,19,18
4,2,09:00,10:00,7,26,29,3
4,2,09:00,10:00,8,14,35,21
4,2,09:00,10:00,9,30,31,1
4,2,09:00,10:00,10,9,11,2
4,3,10:00,11:00,1,26,29,3
4,3,10:00,11:00,2,6,39,33
4,3,10:00,11:00,3,27,28,1
4,3,10:00,11:00,4,5,29,24
4,3,10:00,11:00,5,28,31,3
4,3,10:00,11:00,6,11,26,15
4,3,10:00,11:00,7,29,29,0
4,3,10:00,11:00,8,19,35,16
4,3,10:00,11:00,9,21,39,18
4,3,10:00,11:00,10,5,11,6
4,4,11:00,12:00,1,2,39,37
4,4,11:00,12:00,2,23,39,16
4,4,11:00,12:00,3,14,31,17
4,4,11:00,12:00,4,1,29,28
4,4,11:00,12:00,5,8,31,23
4,4,11:00,12:00,6,24,26,2
4,4,11:00,12:00,7,5,29,24
4,4,11:00,12:00,8,28,40,12
4,4,11:00,12:00,9,14,39,25
4,4,11:00,12:00,10,27,30,3
4,5,12:00,13:00,1,15,25,10
4,5,12:00,13:00,2,27,29,2
4,5,12:00,13:00,3,1,13,12
4,5,12:00,13:00,4,20,20,0
4,5,12:00,13:00,5,24,24,0
4,5,12:00,13:00,6,23,23,0
4,5,12:00,13:00,7,2,13,11
4,5,12:00,13:00,8,29,29,0
4,5,12:00,13:00,9,16,29,13
4,5,12:00,13:00,10,30,30,0
4,6,13:00,14:00,1,12,25,13
4,6,13:00,14:00,2,29,29,0
4,6,13:00,14:00,3,13,13,0
4,6,13:00,14:00,4,28,28,0
4,6,13:00,14:00,5,9,9,0
4,6,13:00,14:00,6,8,8,0
4,6,13:00,14:00,7,10,13,3
4,6,13:00,14:00,8,2,20,18
4,6,13:00,14:00,9,29,29,0
4,6,13:00,14:00,10,9,27,18
4,7,14:00,15:00,1,25,25,0
4,7,14:00,15:00,2,1,16,15
4,7,14:00,15:00,3,18,18,0
4,7,14:00,15:00,4,21,28,7
4,7,14:00,15:00,5,14,21,7
4,7,14:00,15:00,6,5,11,6
4,7,14:00,15:00,7,12,13,1
4,7,14:00,15:00,8,27,27,0
4,7,14:00,15:00,9,9,28,19
4,7,14:00,15:00,10,27,27,0
4,8,15:00,16:00,1,23,39,16
4,8,15:00,16:00,2,30,39,9
4,8,15:00,16:00,3,8,31,23
4,8,15:00,16:00,4,24,29,5
4,8,15:00,16:00,5,29,31,2
4,8,15:00,16:00,6,24,26,2
4,8,15:00,16:00,7,15,29,14
4,8,15:00,16:00,8,26,40,14
4,8,15:00,16:00,9,1,39,38
4,8,15:00,16:00,10,23,30,7
4,9,16:00,17:00,1,19,24,5
4,9,16:00,17:00,2,17,23,6
4,9,16:00,17:00,3,13,22,9
4,9,16:00,17:00,4,28,28,0
4,9,16:00,17:00,5,18,25,7
4,9,16:00,17:00,6,21,25,4
4,9,16:00,17:00,7,9,16,7
4,9,16:00,17:00,8,12,25,13
4,9,16:00,17:00,9,9,18,9
4,9,16:00,17:00,10,19,22,3
4,10,17:00,18:00,1,3,24,21
4,10,17:00,18:00,2,22,23,1
4,10,17:00,18:00,3,22,22,0
4,10,17:00,18:00,4,11,11,0
4,10,17:00,18:00,5,25,25,0
4,10,17:00,18:00,6,25,25,0
4,10,17:00,18:00,7,13,16,3
4,10,17:00,18:00,8,25,25,0
4,10,17:00,18:00,9,18,18,0
4,10,17:00,18:00,10,4,22,18
4,11,18:00,19:00,1,24,24,0
4,11,18:00,19:00,2,23,23,0
4,11,18:00,19:00,3,16,16,0
4,11,18:00,19:00,4,1,1,0
4,11,18:00,19:00,5,10,10,0
4,11,18:00,19:00,6,15,15,0
4,11,18:00,19:00,7,16,16,0
4,11,18:00,19:00,8,18,18,0
4,11,18:00,19:00,9,11,11,0
4,11,18:00,19:00,10,22,22,0
5,1,08:00,09:00,1,25,39,14
5,1,08:00,09:00,2,3,5,2
5,1,08:00,09:00,3,21,27,6
5,1,08:00,09:00,4,22,22,0
5,1,08:00,09:00,5,29,33,4
5,1,08:00,09:00,6,7,14,7
5,1,08:00,09:00,7,14,17,3
5,1,08:00,09:00,8,29,32,3
5,1,08:00,09:00,9,30,36,6
5,1,08:00,09:00,10,24,31,7
5,2,09:00,10:00,1,20,39,19
5,2,09:00,10:00,2,5,26,21
5,2,09:00,10:00,3,27,27,0
5,2,09:00,10:00,4,8,22,14
5,2,09:00,10:00,5,3,33,30
5,2,09:00,10:00,6,20,27,7
5,2,09:00,10:00,7,20,20,0
5,2,09:00,10:00,8,24,32,8
5,2,09:00,10:00,9,20,43,23
5,2,09:00,10:00,10,30,31,1
5,3,10:00,11:00,1,20,39,19
5,3,10:00,11:00,2,12,26,14
5,3,10:00,11:00,3,8,36,28
5,3,10:00,11:00,4,26,27,1
5,3,10:00,11:00,5,13,33,20
5,3,10:00,11:00,6,28,28,0
5,3,10:00,11:00,7,11,24,13
5,3,10:00,11:00,8,26,32,6
5,3,10:00,11:00,9,17,43,26
5,3,10:00,11:00,10,5,31,26
5,4,11:00,12:00,1,24,39,15
5,4,11:00,12:00,2,23,28,5
5,4,11:00,12:00,3,28,36,8
5,4,11:00,12:00,4,24,31,7
5,4,11:00,12:00,5,20,41,21
5,4,11:00,12:00,6,5,33,28
5,4,11:00,12:00,7,20,24,4
5,4,11:00,12:00,8,24,42,18
5,4,11:00,12:00,9,7,43,36
5,4,11:00,12:00,10,22,45,23
5,5,12:00,13:00,1,10,11,1
5,5,12:00,13:00,2,27,27,0
5,5,12:00,13:00,3,6,17,11
5,5,12:00,13:00,4,8,18,10
5,5,12:00,13:00,5,20,27,7
5,5,12:00,13:00,6,22,22,0
5,5,12:00,13:00,7,21,21,0
5,5,12:00,13:00,8,16,22,6
5,5,12:00,13:00,9,27,27,0
5,5,12:00,13:00,10,17,29,12
5,6,13:00,14:00,1,10,24,14
5,6,13:00,14:00,2,4,11,7
5,6,13:00,14:00,3,17,17,0
5,6,13:00,14:00,4,18,18,0
5,6,13:00,14:00,5,27,27,0
5,6,13:00,14:00,6,9,9,0
5,6,13:00,14:00,7,18,18,0
5,6,13:00,14:00,8,19,22,3
5,6,13:00,14:00,9,13,20,7
5,6,13:00,14:00,10,17,29,12
5,7,14:00,15:00,1,21,38,17
5,7,14:00,15:00,2,28,28,0
5,7,14:00,15:00,3,6,33,27
5,7,14:00,15:00,4,15,15,0
5,7,14:00,15:00,5,27,27,0
5,7,14:00,15:00,6,8,8,0
5,7,14:00,15:00,7,8,16,8
5,7,14:00,15:00,8,22,22,0
5,7,14:00,15:00,9,11,20,9
5,7,14:00,15:00,10,29,29,0
5,8,15:00,16:00,1,18,39,21
5,8,15:00,16:00,2,17,28,11
5,8,15:00,16:00,3,19,36,17
5,8,15:00,16:00,4,15,31,16
5,8,15:00,16:00,5,21,41,20
5,8,15:00,16:00,6,28,33,5
5,8,15:00,16:00,7,2,24,22
5,8,15:00,16:00,8,24,42,18
5,8,15:00,16:00,9,29,43,14
5,8,15:00,16:00,10,6,45,39
5,9,16:00,17:00,1,28,28,0
5,9,16:00,17:00,2,24,24,0
5,9,16:00,17:00,3,20,28,8
5,9,16:00,17:00,4,21,22,1
5,9,16:00,17:00,5,21,22,1
5,9,16:00,17:00,6,13,30,17
5,9,16:00,17:00,7,1,10,9
5,9,16:00,17:00,8,11,30,19
5,9,16:00,17:00,9,13,23,10
5,9,16:00,17:00,10,12,30,18
5,10,17:00,18:00,1,15,15,0
5,10,17:00,18:00,2,19,19,0
5,10,17:00,18:00,3,28,28,0
5,10,17:00,18:00,4,22,22,0
5,10,17:00,18:00,5,15,22,7
5,10,17:00,18:00,6,4,30,26
5,10,17:00,18:00,7,10,10,0
5,10,17:00,18:00,8,9,30,21
5,10,17:00,18:00,9,5,23,18
5,10,17:00,18:00,10,17,30,13
5,11,18:00,19:00,1,1,1,0
5,11,18:00,19:00,2,2,2,0
5,11,18:00,19:00,3,3,3,0
5,11,18:00,19:00,4,20,20,0
5,11,18:00,19:00,5,22,22,0
5,11,18:00,19:00,6,30,30,0
5,11,18:00,19:00,7,8,8,0
5,11,18:00,19:00,8,30,30,0
5,11,18:00,19:00,9,23,23,0
5,11,18:00,19:00,10,30,30,0
6,1,08:00,09:00,1,2,11,9
6,1,08:00,09:00,2,5,35,30
6,1,08:00,09:00,3,7,23,16
6,1,08:00,09:00,4,13,37,24
6,1,08:00,09:00,5,16,17,1
6,1,08:00,09:00,6,15,24,9
6,1,08:00,09:00,7,9,9,0
6,1,08:00,09:00,8,15,20,5
6,1,08:00,09:00,9,8,9,1
6,1,08:00,09:00,10,22,23,1
6,2,09:00,10:00,1,29,29,0
6,2,09:00,10:00,2,5,35,30
6,2,09:00,10:00,3,22,23,1
6,2,09:00,10:00,4,29,37,8
6,2,09:00,10:00,5,1,17,16
6,2,09:00,10:00,6,9,29,20
6,2,09:00,10:00,7,12,31,19
6,2,09:00,10:00,8,7,21,14
6,2,09:00,10:00,9,15,25,10
6,2,09:00,10:00,10,20,24,4
6,3,10:00,11:00,1,3,29,26
6,3,10:00,11:00,2,23,35,12
6,3,10:00,11:00,3,21,38,17
6,3,10:00,11:00,4,30,41,11
6,3,10:00,11:00,5,30,37,7
6,3,10:00,11:00,6,6,29,23
6,3,10:00,11:00,7,3,31,28
6,3,10:00,11:00,8,21,21,0
6,3,10:00,11:00,9,7,27,20
6,3,10:00,11:00,10,6,24,18
6,4,11:00,12:00,1,22,29,7
6,4,11:00,12:00,2,21,39,18
6,4,11:00,12:00,3,11,38,27
6,4,11:00,12:00,4,21,41,20
6,4,11:00,12:00,5,7,37,30
6,4,11:00,12:00,6,29,29,0
6,4,11:00,12:00,7,13,31,18
6,4,11:00,12:00,8,10,34,24
6,4,11:00,12:00,9,2,33,31
6,4,11:00,12:00,10,2,30,28
6,5,12:00,13:00,1,19,19,0
6,5,12:00,13:00,2,10,15,5
6,5,12:00,13:00,3,24,26,2
6,5,12:00,13:00,4,1,19,18
6,5,12:00,13:00,5,5,29,24
6,5,12:00,13:00,6,24,24,0
6,5,12:00,13:00,7,26,26,0
6,5,12:00,13:00,8,18,18,0
6,5,12:00,13:00,9,28,28,0
6,5,12:00,13:00,10,10,10,0
6,6,13:00,14:00,1,9,23,14
6,6,13:00,14:00,2,22,29,7
6,6,13:00,14:00,3,26,26,0
6,6,13:00,14:00,4,19,19,0
6,6,13:00,14:00,5,29,29,0
6,6,13:00,14:00,6,8,19,11
6,6,13:00,14:00,7,11,25,14
6,6,13:00,14:00,8,1,20,19
6,6,13:00,14:00,9,12,12,0
6,6,13:00,14:00,10,22,23,1
6,7,14:00,15:00,1,22,27,5
6,7,14:00,15:00,2,29,29,0
6,7,14:00,15:00,3,4,11,7
6,7,14:00,15:00,4,13,15,2
6,7,14:00,15:00,5,29,31,2
6,7,14:00,15:00,6,17,23,6
6,7,14:00,15:00,7,17,30,13
6,7,14:00,15:00,8,20,20,0
6,7,14:00,15:00,9,10,10,0
6,7,14:00,15:00,10,23,23,0
6,8,15:00,16:00,1,25,29,4
6,8,15:00,16:00,2,5,39,34
6,8,15:00,16:00,3,4,38,34
6,8,15:00,16:00,4,15,41,26
6,8,15:00,16:00,5,25,37,12
6,8,15:00,16:00,6,23,29,6
6,8,15:00,16:00,7,30,31,1
6,8,15:00,16:00,8,28,34,6
6,8,15:00,16:00,9,14,33,19
6,8,15:00,16:00,10,18,30,12
6,9,16:00,17:00,1,28,28,0
6,9,16:00,17:00,2,28,28,0
6,9,16:00,17:00,3,1,27,26
6,9,16:00,17:00,4,26,26,0
6,9,16:00,17:00,5,20,28,8
6,9,16:00,17:00,6,4,10,6
6,9,16:00,17:00,7,27,27,0
6,9,16:00,17:00,8,30,30,0
6,9,16:00,17:00,9,11,29,18
6,9,16:00,17:00,10,27,27,0
6,10,17:00,18:00,1,6,6,0
6,10,17:00,18:00,2,1,14,13
6,10,17:00,18:00,3,25,27,2
6,10,17:00,18:00,4,2,26,24
6,10,17:00,18:00,5,28,28,0
6,10,17:00,18:00,6,10,10,0
6,10,17:00,18:00,7,6,6,0
6,10,17:00,18:00,8,15,27,12
6,10,17:00,18:00,9,27,29,2
6,10,17:00,18:00,10,8,13,5
6,11,18:00,19:00,1,2,2,0
6,11,18:00,19:00,2,14,14,0
6,11,18:00,19:00,3,27,27,0
6,11,18:00,19:00,4,26,26,0
6,11,18:00,19:00,5,6,6,0
6,11,18:00,19:00,6,6,6,0
6,11,18:00,19:00,7,1,1,0
6,11,18:00,19:00,8,27,27,0
6,11,18:00,19:00,9,29,29,0
6,11,18:00,19:00,10,13,13,0
7,1,08:00,09:00,1,12,36,24
7,1,08:00,09:00,2,20,23,3
7,1,08:00,09:00,3,12,26,14
7,1,08:00,09:00,4,21,21,0
7,1,08:00,09:00,5,21,37,16
7,1,08:00,09:00,6,30,32,2
7,1,08:00,09:00,7,29,42,13
7,1,08:00,09:00,8,13,14,1
7,1,08:00,09:00,9,10,18,8
7,1,08:00,09:00,10,25,35,10
7,2,09:00,10:00,1,25,36,11
7,2,09:00,10:00,2,23,23,0
7,2,09:00,10:00,3,24,26,2
7,2,09:00,10:00,4,19,21,2
7,2,09:00,10:00,5,28,37,9
7,2,09:00,10:00,6,17,39,22
7,2,09:00,10:00,7,18,42,24
7,2,09:00,10:00,8,28,29,1
7,2,09:00,10:00,9,18,22,4
7,2,09:00,10:00,10,12,35,23
7,3,10:00,11:00,1,26,36,10
7,3,10:00,11:00,2,19,25,6
7,3,10:00,11:00,3,16,32,16
7,3,10:00,11:00,4,28,32,4
7,3,10:00,11:00,5,10,44,34
7,3,10:00,11:00,6,12,39,27
7,3,10:00,11:00,7,17,42,25
7,3,10:00,11:00,8,26,34,8
7,3,10:00,11:00,9,28,29,1
7,3,10:00,11:00,10,15,45,30
7,4,11:00,12:00,1,11,39,28
7,4,11:00,12:00,2,17,30,13
7,4,11:00,12:00,3,19,40,21
7,4,11:00,12:00,4,18,37,19
7,4,11:00,12:00,5,24,44,20
7,4,11:00,12:00,6,11,39,28
7,4,11:00,12:00,7,23,42,19
7,4,11:00,12:00,8,20,34,14
7,4,11:00,12:00,9,28,35,7
7,4,11:00,12:00,10,24,45,21
7,5,12:00,13:00,1,12,17,5
7,5,12:00,13:00,2,13,14,1
7,5,12:00,13:00,3,19,27,8
7,5,12:00,13:00,4,18,23,5
7,5,12:00,13:00,5,23,23,0
7,5,12:00,13:00,6,18,18,0
7,5,12:00,13:00,7,22,22,0
7,5,12:00,13:00,8,26,26,0
7,5,12:00,13:00,9,25,25,0
7,5,12:00,13:00,10,19,27,8
7,6,13:00,14:00,1,11,18,7
7,6,13:00,14:00,2,14,14,0
7,6,13:00,14:00,3,27,27,0
7,6,13:00,14:00,4,23,23,0
7,6,13:00,14:00,5,23,23,0
7,6,13:00,14:00,6,10,11,1
7,6,13:00,14:00,7,21,22,1
7,6,13:00,14:00,8,11,11,0
7,6,13:00,14:00,9,21,21,0
7,6,13:00,14:00,10,27,27,0
7,7,14:00,15:00,1,23,23,0
7,7,14:00,15:00,2,17,17,0
7,7,14:00,15:00,3,21,21,0
7,7,14:00,15:00,4,24,24,0
7,7,14:00,15:00,5,17,27,10
7,7,14:00,15:00,6,11,11,0
7,7,14:00,15:00,7,13,31,18
7,7,14:00,15:00,8,13,17,4
7,7,14:00,15:00,9,14,14,0
7,7,14:00,15:00,10,23,28,5
7,8,15:00,16:00,1,21,39,18
7,8,15:00,16:00,2,26,30,4
7,8,15:00,16:00,3,28,40,12
7,8,15:00,16:00,4,11,37,26
7,8,15:00,16:00,5,28,44,16
7,8,15:00,16:00,6,10,39,29
7,8,15:00,16:00,7,16,42,26
7,8,15:00,16:00,8,29,34,5
7,8,15:00,16:00,9,27,35,8
7,8,15:00,16:00,10,25,45,20
7,9,16:00,17:00,1,25,25,0
7,9,16:00,17:00,2,22,23,1
7,9,16:00,17:00,3,14,27,13
7,9,16:00,17:00,4,28,30,2
7,9,16:00,17:00,5,18,28,10
7,9,16:00,17:00,6,14,28,14
7,9,16:00,17:00,7,15,20,5
7,9,16:00,17:00,8,14,28,14
7,9,16:00,17:00,9,14,27,13
7,9,16:00,17:00,10,19,28,9
7,10,17:00,18:00,1,24,24,0
7,10,17:00,18:00,2,23,23,0
7,10,17:00,18:00,3,19,27,8
7,10,17:00,18:00,4,30,30,0
7,10,17:00,18:00,5,28,28,0
7,10,17:00,18:00,6,21,28,7
7,10,17:00,18:00,7,20,20,0
7,10,17:00,18:00,8,28,28,0
7,10,17:00,18:00,9,22,27,5
7,10,17:00,18:00,10,28,28,0
7,11,18:00,19:00,1,19,19,0
7,11,18:00,19:00,2,18,18,0
7,11,18:00,19:00,3,27,27,0
7,11,18:00,19:00,4,18,18,0
7,11,18:00,19:00,5,17,17,0
7,11,18:00,19:00,6,28,28,0
7,11,18:00,19:00,7,11,11,0
7,11,18:00,19:00,8,17,17,0
7,11,18:00,19:00,9,27,27,0
7,11,18:00,19:00,10,17,17,0
8,1,08:00,09:00,1,14,14,0
8,1,08:00,09:00,2,10,16,6
8,1,08:00,09:00,3,14,28,14
8,1,08:00,09:00,4,19,25,6
8,1,08:00,09:00,5,30,30,0
8,1,08:00,09:00,6,18,27,9
8,1,08:00,09:00,7,23,40,17
8,1,08:00,09:00,8,24,25,1
8,1,08:00,09:00,9,27,27,0
8,1,08:00,09:00,10,26,38,12
8,2,09:00,10:00,1,11,14,3
8,2,09:00,10:00,2,16,16,0
8,2,09:00,10:00,3,24,28,4
8,2,09:00,10:00,4,24,25,1
8,2,09:00,10:00,5,16,30,14
8,2,09:00,10:00,6,23,28,5
8,2,09:00,10:00,7,24,40,16
8,2,09:00,10:00,8,17,25,8
8,2,09:00,10:00,9,27,30,3
8,2,09:00,10:00,10,20,41,21
8,3,10:00,11:00,1,12,17,5
8,3,10:00,11:00,2,21,21,0
8,3,10:00,11:00,3,25,43,18
8,3,10:00,11:00,4,19,27,8
8,3,10:00,11:00,5,18,37,19
8,3,10:00,11:00,6,30,39,9
8,3,10:00,11:00,7,13,40,27
8,3,10:00,11:00,8,24,25,1
8,3,10:00,11:00,9,29,30,1
8,3,10:00,11:00,10,21,45,24
8,4,11:00,12:00,1,13,28,15
8,4,11:00,12:00,2,25,27,2
8,4,11:00,12:00,3,19,43,24
8,4,11:00,12:00,4,20,34,14
8,4,11:00,12:00,5,19,37,18
8,4,11:00,12:00,6,10,39,29
8,4,11:00,12:00,7,29,40,11
8,4,11:00,12:00,8,11,40,29
8,4,11:00,12:00,9,13,35,22
8,4,11:00,12:00,10,13,45,32
8,5,12:00,13:00,1,16,16,0
8,5,12:00,13:00,2,14,15,1
8,5,12:00,13:00,3,28,29,1
8,5,12:00,13:00,4,16,21,5
8,5,12:00,13:00,5,14,20,6
8,5,12:00,13:00,6,23,23,0
8,5,12:00,13:00,7,12,21,9
8,5,12:00,13:00,8,22,28,6
8,5,12:00,13:00,9,13,13,0
8,5,12:00,13:00,10,26,26,0
8,6,13:00,14:00,1,19,19,0
8,6,13:00,14:00,2,15,15,0
8,6,13:00,14:00,3,29,29,0
8,6,13:00,14:00,4,22,22,0
8,6,13:00,14:00,5,20,20,0
8,6,13:00,14:00,6,22,22,0
8,6,13:00,14:00,7,23,24,1
8,6,13:00,14:00,8,21,28,7
8,6,13:00,14:00,9,12,25,13
8,6,13:00,14:00,10,23,23,0
8,7,14:00,15:00,1,16,16,0
8,7,14:00,15:00,2,10,10,0
8,7,14:00,15:00,3,15,17,2
8,7,14:00,15:00,4,29,29,0
8,7,14:00,15:00,5,16,16,0
8,7,14:00,15:00,6,11,11,0
8,7,14:00,15:00,7,13,24,11
8,7,14:00,15:00,8,30,30,0
8,7,14:00,15:00,9,26,26,0
8,7,14:00,15:00,10,20,21,1
8,8,15:00,16:00,1,20,28,8
8,8,15:00,16:00,2,25,27,2
8,8,15:00,16:00,3,17,43,26
8,8,15:00,16:00,4,18,34,16
8,8,15:00,16:00,5,13,37,24
8,8,15:00,16:00,6,12,39,27
8,8,15:00,16:00,7,18,40,22
8,8,15:00,16:00,8,29,40,11
8,8,15:00,16:00,9,15,35,20
8,8,15:00,16:00,10,17,45,28
8,9,16:00,17:00,1,26,26,0
8,9,16:00,17:00,2,21,23,2
8,9,16:00,17:00,3,29,29,0
8,9,16:00,17:00,4,22,22,0
8,9,16:00,17:00,5,24,24,0
8,9,16:00,17:00,6,22,28,6
8,9,16:00,17:00,7,19,19,0
8,9,16:00,17:00,8,25,27,2
8,9,16:00,17:00,9,30,30,0
8,9,16:00,17:00,10,20,26,6
8,10,17:00,18:00,1,18,23,5
8,10,17:00,18:00,2,18,23,5
8,10,17:00,18:00,3,29,29,0
8,10,17:00,18:00,4,21,21,0
8,10,17:00,18:00,5,24,24,0
8,10,17:00,18:00,6,10,28,18
8,10,17:00,18:00,7,11,16,5
8,10,17:00,18:00,8,27,27,0
8,10,17:00,18:00,9,15,15,0
8,10,17:00,18:00,10,26,26,0
8,11,18:00,19:00,1,23,23,0
8,11,18:00,19:00,2,23,23,0
8,11,18:00,19:00,3,26,26,0
8,11,18:00,19:00,4,12,12,0
8,11,18:00,19:00,5,21,21,0
8,11,18:00,19:00,6,28,28,0
8,11,18:00,19:00,7,16,16,0
8,11,18:00,19:00,8,25,25,0
8,11,18:00,19:00,9,14,14,0
8,11,18:00,19:00,10,24,24,0
9,1,08:00,09:00,1,19,20,1
9,1,08:00,09:00,2,16,21,5
9,1,08:00,09:00,3,6,27,21
9,1,08:00,09:00,4,12,29,17
9,1,08:00,09:00,5,28,29,1
9,1,08:00,09:00,6,20,21,1
9,1,08:00,09:00,7,6,15,9
9,1,08:00,09:00,8,25,25,0
9,1,08:00,09:00,9,11,12,1
9,1,08:00,09:00,10,4,23,19
9,2,09:00,10:00,1,9,20,11
9,2,09:00,10:00,2,3,21,18
9,2,09:00,10:00,3,9,27,18
9,2,09:00,10:00,4,29,29,0
9,2,09:00,10:00,5,15,30,15
9,2,09:00,10:00,6,7,29,22
9,2,09:00,10:00,7,14,15,1
9,2,09:00,10:00,8,12,28,16
9,2,09:00,10:00,9,17,28,11
9,2,09:00,10:00,10,9,27,18
9,3,10:00,11:00,1,17,22,5
9,3,10:00,11:00,2,3,21,18
9,3,10:00,11:00,3,29,30,1
9,3,10:00,11:00,4,27,41,14
9,3,10:00,11:00,5,19,30,11
9,3,10:00,11:00,6,26,31,5
9,3,10:00,11:00,7,25,32,7
9,3,10:00,11:00,8,4,32,28
9,3,10:00,11:00,9,9,30,21
9,3,10:00,11:00,10,23,30,7
9,4,11:00,12:00,1,23,28,5
9,4,11:00,12:00,2,21,30,9
9,4,11:00,12:00,3,29,33,4
9,4,11:00,12:00,4,27,41,14
9,4,11:00,12:00,5,4,38,34
9,4,11:00,12:00,6,13,31,18
9,4,11:00,12:00,7,9,32,23
9,4,11:00,12:00,8,29,32,3
9,4,11:00,12:00,9,10,30,20
9,4,11:00,12:00,10,23,30,7
9,5,12:00,13:00,1,19,20,1
9,5,12:00,13:00,2,2,20,18
9,5,12:00,13:00,3,3,22,19
9,5,12:00,13:00,4,10,30,20
9,5,12:00,13:00,5,22,22,0
9,5,12:00,13:00,6,19,19,0
9,5,12:00,13:00,7,6,24,18
9,5,12:00,13:00,8,21,21,0
9,5,12:00,13:00,9,22,22,0
9,5,12:00,13:00,10,7,7,0
9,6,13:00,14:00,1,20,20,0
9,6,13:00,14:00,2,5,20,15
9,6,13:00,14:00,3,22,22,0
9,6,13:00,14:00,4,30,30,0
9,6,13:00,14:00,5,11,21,10
9,6,13:00,14:00,6,11,11,0
9,6,13:00,14:00,7,24,24,0
9,6,13:00,14:00,8,18,18,0
9,6,13:00,14:00,9,6,6,0
9,6,13:00,14:00,10,3,3,0
9,7,14:00,15:00,1,18,18,0
9,7,14:00,15:00,2,30,30,0
9,7,14:00,15:00,3,19,19,0
9,7,14:00,15:00,4,11,18,7
9,7,14:00,15:00,5,24,24,0
9,7,14:00,15:00,6,13,21,8
9,7,14:00,15:00,7,4,23,19
9,7,14:00,15:00,8,15,23,8
9,7,14:00,15:00,9,1,4,3
9,7,14:00,15:00,10,3,8,5
9,8,15:00,16:00,1,10,28,18
9,8,15:00,16:00,2,13,30,17
9,8,15:00,16:00,3,22,33,11
9,8,15:00,16:00,4,9,41,32
9,8,15:00,16:00,5,27,38,11
9,8,15:00,16:00,6,1,31,30
9,8,15:00,16:00,7,22,32,10
9,8,15:00,16:00,8,10,32,22
9,8,15:00,16:00,9,25,30,5
9,8,15:00,16:00,10,10,30,20
9,9,16:00,17:00,1,5,16,11
9,9,16:00,17:00,2,17,19,2
9,9,16:00,17:00,3,3,17,14
9,9,16:00,17:00,4,7,23,16
9,9,16:00,17:00,5,4,25,21
9,9,16:00,17:00,6,7,22,15
9,9,16:00,17:00,7,2,25,23
9,9,16:00,17:00,8,4,18,14
9,9,16:00,17:00,9,13,26,13
9,9,16:00,17:00,10,12,30,18
9,10,17:00,18:00,1,1,16,15
9,10,17:00,18:00,2,19,19,0
9,10,17:00,18:00,3,7,17,10
9,10,17:00,18:00,4,14,23,9
9,10,17:00,18:00,5,25,25,0
9,10,17:00,18:00,6,22,22,0
9,10,17:00,18:00,7,25,25,0
9,10,17:00,18:00,8,18,18,0
9,10,17:00,18:00,9,8,26,18
9,10,17:00,18:00,10,30,30,0
9,11,18:00,19:00,1,16,16,0
9,11,18:00,19:00,2,9,9,0
9,11,18:00,19:00,3,17,17,0
9,11,18:00,19:00,4,23,23,0
9,11,18:00,19:00,5,22,22,0
9,11,18:00,19:00,6,10,10,0
9,11,18:00,19:00,7,9,9,0
9,11,18:00,19:00,8,9,9,0
9,11,18:00,19:00,9,26,26,0
9,11,18:00,19:00,10,22,22,0
10,1,08:00,09:00,1,24,33,9
10,1,08:00,09:00,2,4,11,7
10,1,08:00,09:00,3,19,19,0
10,1,08:00,09:00,4,14,19,5
10,1,08:00,09:00,5,15,16,1
10,1,08:00,09:00,6,28,31,3
10,1,08:00,09:00,7,19,26,7
10,1,08:00,09:00,8,13,24,11
10,1,08:00,09:00,9,15,29,14
10,1,08:00,09:00,10,1,10,9
10,2,09:00,10:00,1,30,33,3
10,2,09:00,10:00,2,23,34,11
10,2,09:00,10:00,3,3,19,16
10,2,09:00,10:00,4,28,29,1
10,2,09:00,10:00,5,12,16,4
10,2,09:00,10:00,6,8,31,23
10,2,09:00,10:00,7,21,27,6
10,2,09:00,10:00,8,22,27,5
10,2,09:00,10:00,9,23,29,6
10,2,09:00,10:00,10,5,13,8
10,3,10:00,11:00,1,18,33,15
10,3,10:00,11:00,2,13,34,21
10,3,10:00,11:00,3,2,24,22
10,3,10:00,11:00,4,4,29,25
10,3,10:00,11:00,5,8,28,20
10,3,10:00,11:00,6,18,34,16
10,3,10:00,11:00,7,14,27,13
10,3,10:00,11:00,8,30,30,0
10,3,10:00,11:00,9,29,29,0
10,3,10:00,11:00,10,4,13,9
10,4,11:00,12:00,1,28,33,5
10,4,11:00,12:00,2,7,34,27
10,4,11:00,12:00,3,8,35,27
10,4,11:00,12:00,4,19,30,11
10,4,11:00,12:00,5,27,28,1
10,4,11:00,12:00,6,4,39,35
10,4,11:00,12:00,7,23,30,7
10,4,11:00,12:00,8,5,30,25
10,4,11:00,12:00,9,21,37,16
10,4,11:00,12:00,10,29,29,0
10,5,12:00,13:00,1,4,21,17
10,5,12:00,13:00,2,27,27,0
10,5,12:00,13:00,3,9,30,21
10,5,12:00,13:00,4,15,15,0
10,5,12:00,13:00,5,7,18,11
10,5,12:00,13:00,6,13,21,8
10,5,12:00,13:00,7,4,4,0
10,5,12:00,13:00,8,9,9,0
10,5,12:00,13:00,9,19,20,1
10,5,12:00,13:00,10,21,21,0
10,6,13:00,14:00,1,20,22,2
10,6,13:00,14:00,2,16,20,4
10,6,13:00,14:00,3,30,30,0
10,6,13:00,14:00,4,18,23,5
10,6,13:00,14:00,5,26,26,0
10,6,13:00,14:00,6,21,21,0
10,6,13:00,14:00,7,15,26,11
10,6,13:00,14:00,8,6,6,0
10,6,13:00,14:00,9,13,20,7
10,6,13:00,14:00,10,2,18,16
10,7,14:00,15:00,1,4,22,18
10,7,14:00,15:00,2,9,27,18
10,7,14:00,15:00,3,25,25,0
10,7,14:00,15:00,4,28,28,0
10,7,14:00,15:00,5,15,21,6
10,7,14:00,15:00,6,27,27,0
10,7,14:00,15:00,7,26,26,0
10,7,14:00,15:00,8,9,13,4
10,7,14:00,15:00,9,20,20,0
10,7,14:00,15:00,10,18,18,0
10,8,15:00,16:00,1,27,33,6
10,8,15:00,16:00,2,13,34,21
10,8,15:00,16:00,3,13,35,22
10,8,15:00,16:00,4,14,30,16
10,8,15:00,16:00,5,4,28,24
10,8,15:00,16:00,6,26,39,13
10,8,15:00,16:00,7,29,30,1
10,8,15:00,16:00,8,27,30,3
10,8,15:00,16:00,9,12,37,25
10,8,15:00,16:00,10,4,29,25
10,9,16:00,17:00,1,12,12,0
10,9,16:00,17:00,2,30,30,0
10,9,16:00,17:00,3,18,21,3
10,9,16:00,17:00,4,26,26,0
10,9,16:00,17:00,5,22,22,0
10,9,16:00,17:00,6,26,26,0
10,9,16:00,17:00,7,30,30,0
10,9,16:00,17:00,8,25,27,2
10,9,16:00,17:00,9,7,25,18
10,9,16:00,17:00,10,1,27,26
10,10,17:00,18:00,1,7,11,4
10,10,17:00,18:00,2,14,14,0
10,10,17:00,18:00,3,5,21,16
10,10,17:00,18:00,4,8,8,0
10,10,17:00,18:00,5,14,14,0
10,10,17:00,18:00,6,26,26,0
10,10,17:00,18:00,7,3,7,4
10,10,17:00,18:00,8,27,27,0
10,10,17:00,18:00,9,18,25,7
10,10,17:00,18:00,10,16,27,11
10,11,18:00,19:00,1,11,11,0
10,11,18:00,19:00,2,7,7,0
10,11,18:00,19:00,3,21,21,0
10,11,18:00,19:00,4,3,3,0
10,11,18:00,19:00,5,7,7,0
10,11,18:00,19:00,6,17,17,0
10,11,18:00,19:00,7,7,7,0
10,11,18:00,19:00,8,17,17,0
10,11,18:00,19:00,9,25,25,0
10,11,18:00,19:00,10,27,27,0
