employee,day,status
1,1,WORK
1,2,REST
1,3,WORK
1,4,WORK
1,5,WORK
1,6,WORK
1,7,WORK
1,8,WORK
1,9,WORK
1,10,REST
2,1,WORK
2,2,REST
2,3,WORK
2,4,WORK
2,5,WORK
2,6,WORK
2,7,WORK
2,8,WORK
2,9,WORK
2,10,REST
3,1,WORK
3,2,REST
3,3,WORK
3,4,WORK
3,5,WORK
3,6,WORK
3,7,WORK
3,8,WORK
3,9,WORK
3,10,REST
4,1,WORK
4,2,REST
4,3,WORK
4,4,WORK
4,5,WORK
4,6,WORK
4,7,WORK
4,8,WORK
4,9,WORK
4,10,REST
5,1,WORK
5,2,REST
5,3,WORK
5,4,WORK
5,5,WORK
5,6,WORK
5,7,WORK
5,8,WORK
5,9,WORK
5,10,REST
6,1,WORK
6,2,REST
6,3,WORK
6,4,WORK
6,5,WORK
6,6,WORK
6,7,WORK
6,8,WORK
6,9,WORK
6,10,REST
7,1,WORK
7,2,REST
7,3,WORK
7,4,WORK
7,5,WORK
7,6,WORK
7,7,WORK
7,8,WORK
7,9,WORK
7,10,REST
8,1,WORK
8,2,REST
8,3,WORK
8,4,WORK
8,5,WORK
8,6,WORK
8,7,WORK
8,8,WORK
8,9,WORK
8,10,REST
9,1,WORK
9,2,REST
9,3,WORK
9,4,WORK
9,5,WORK
9,6,WORK
9,7,WORK
9,8,WORK
9,9,WORK
9,10,REST
10,1,WORK
10,2,REST
10,3,WORK
10,4,WORK
10,5,WORK
10,6,WORK
10,7,WORK
10,8,WORK
10,9,WORK
10,10,REST
11,1,WORK
11,2,REST
11,3,WORK
11,4,WORK
11,5,WORK
11,6,WORK
11,7,WORK
11,8,WORK
11,9,WORK
11,10,REST
12,1,WORK
12,2,REST
12,3,WORK
12,4,WORK
12,5,WORK
12,6,WORK
12,7,WORK
12,8,WORK
12,9,WORK
12,10,REST
13,1,WORK
13,2,REST
13,3,WORK
13,4,WORK
13,5,WORK
13,6,WORK
13,7,WORK
13,8,WORK
13,9,WORK
13,10,REST
14,1,WORK
14,2,REST
14,3,WORK
14,4,WORK
14,5,WORK
14,6,WORK
14,7,WORK
14,8,WORK
14,9,WORK
14,10,REST
15,1,WORK
15,2,REST
15,3,WORK
15,4,WORK
15,5,WORK
15,6,WORK
15,7,WORK
15,8,WORK
15,9,WORK
15,10,REST
16,1,WORK
16,2,REST
16,3,WORK
16,4,WORK
16,5,WORK
16,6,WORK
16,7,WORK
16,8,WORK
16,9,WORK
16,10,REST
17,1,WORK
17,2,REST
17,3,WORK
17,4,WORK
17,5,WORK
17,6,WORK
17,7,WORK
17,8,WORK
17,9,WORK
17,10,REST
18,1,WORK
18,2,REST
18,3,WORK
18,4,WORK
18,5,WORK
18,6,WORK
18,7,WORK
18,8,WORK
18,9,WORK
18,10,REST
19,1,WORK
19,2,REST
19,3,WORK
19,4,WORK
19,5,WORK
19,6,WORK
19,7,WORK
19,8,WORK
19,9,WORK
19,10,REST
20,1,WORK
20,2,REST
20,3,WORK
20,4,WORK
20,5,WORK
20,6,WORK
20,7,WORK
20,8,WORK
20,9,WORK
20,10,REST
21,1,WORK
21,2,REST
21,3,WORK
21,4,WORK
21,5,WORK
21,6,WORK
21,7,WORK
21,8,WORK
21,9,WORK
21,10,REST
22,1,WORK
22,2,REST
22,3,WORK
22,4,WORK
22,5,WORK
22,6,WORK
22,7,WORK
22,8,WORK
22,9,WORK
22,10,REST
23,1,WORK
23,2,REST
23,3,WORK
23,4,WORK
23,5,WORK
23,6,WORK
23,7,WORK
23,8,WORK
23,9,WORK
23,10,REST
24,1,WORK
24,2,REST
24,3,WORK
24,4,WORK
24,5,WORK
24,6,WORK
24,7,WORK
24,8,WORK
24,9,WORK
24,10,REST
25,1,WORK
25,2,REST
25,3,WORK
25,4,WORK
25,5,WORK
25,6,WORK
25,7,WORK
25,8,WORK
25,9,WORK
25,10,REST
26,1,WORK
26,2,REST
26,3,WORK
26,4,WORK
26,5,WORK
26,6,WORK
26,7,WORK
26,8,WORK
26,9,WORK
26,10,REST
27,1,WORK
27,2,REST
27,3,WORK
27,4,WORK
27,5,WORK
27,6,WORK
27,7,WORK
27,8,WORK
27,9,WORK
27,10,REST
28,1,WORK
28,2,REST
28,3,WORK
28,4,WORK
28,5,WORK
28,6,WORK
28,7,WORK
28,8,WORK
28,9,WORK
28,10,REST
29,1,REST
29,2,REST
29,3,WORK
29,4,WORK
29,5,WORK
29,6,WORK
29,7,WORK
29,8,WORK
29,9,WORK
29,10,WORK
30,1,REST
30,2,REST
30,3,WORK
30,4,WORK
30,5,WORK
30,6,WORK
30,7,WORK
30,8,WORK
30,9,WORK
30,10,WORK
31,1,REST
31,2,REST
31,3,WORK
31,4,WORK
31,5,WORK
31,6,WORK
31,7,WORK
31,8,WORK
31,9,WORK
31,10,WORK
32,1,REST
32,2,REST
32,3,WORK
32,4,WORK
32,5,WORK
32,6,WORK
32,7,WORK
32,8,WORK
32,9,WORK
32,10,WORK
33,1,REST
33,2,REST
33,3,WORK
33,4,WORK
33,5,WORK
33,6,WORK
33,7,WORK
33,8,WORK
33,9,WORK
33,10,WORK
34,1,REST
34,2,REST
34,3,WORK
34,4,WORK
34,5,WORK
34,6,WORK
34,7,WORK
34,8,WORK
34,9,WORK
34,10,WORK
35,1,REST
35,2,REST
35,3,WORK
35,4,WORK
35,5,WORK
35,6,WORK
35,7,WORK
35,8,WORK
35,9,WORK
35,10,WORK
36,1,REST
36,2,REST
36,3,WORK
36,4,WORK
36,5,WORK
36,6,WORK
36,7,WORK
36,8,WORK
36,9,WORK
36,10,WORK
37,1,REST
37,2,REST
37,3,WORK
37,4,WORK
37,5,WORK
37,6,WORK
37,7,WORK
37,8,WORK
37,9,WORK
37,10,WORK
38,1,REST
38,2,REST
38,3,WORK
38,4,WORK
38,5,WORK
38,6,WORK
38,7,WORK
38,8,WORK
38,9,WORK
38,10,WORK
39,1,REST
39,2,REST
39,3,WORK
39,4,WORK
39,5,WORK
39,6,WORK
39,7,WORK
39,8,WORK
39,9,WORK
39,10,WORK
40,1,REST
40,2,REST
40,3,WORK
40,4,WORK
40,5,WORK
40,6,WORK
40,7,WORK
40,8,WORK
40,9,WORK
40,10,WORK
41,1,REST
41,2,REST
41,3,WORK
41,4,WORK
41,5,WORK
41,6,WORK
41,7,WORK
41,8,WORK
41,9,WORK
41,10,WORK
42,1,REST
42,2,REST
42,3,WORK
42,4,WORK
42,5,WORK
42,6,WORK
42,7,WORK
42,8,WORK
42,9,WORK
42,10,WORK
43,1,REST
43,2,REST
43,3,WORK
43,4,WORK
43,5,WORK
43,6,WORK
43,7,WORK
43,8,WORK
43,9,WORK
43,10,WORK
44,1,REST
44,2,REST
44,3,WORK
44,4,WORK
44,5,WORK
44,6,WORK
44,7,WORK
44,8,WORK
44,9,WORK
44,10,WORK
45,1,REST
45,2,REST
45,3,WORK
45,4,WORK
45,5,WORK
45,6,WORK
45,7,WORK
45,8,WORK
45,9,WORK
45,10,WORK
46,1,REST
46,2,REST
46,3,WORK
46,4,WORK
46,5,WORK
46,6,WORK
46,7,WORK
46,8,WORK
46,9,WORK
46,10,WORK
47,1,REST
47,2,REST
47,3,WORK
47,4,WORK
47,5,WORK
47,6,WORK
47,7,WORK
47,8,WORK
47,9,WORK
47,10,WORK
48,1,REST
48,2,REST
48,3,WORK
48,4,WORK
48,5,WORK
48,6,WORK
48,7,WORK
48,8,WORK
48,9,WORK
48,10,WORK
49,1,REST
49,2,REST
49,3,WORK
49,4,WORK
49,5,WORK
49,6,WORK
49,7,WORK
49,8,WORK
49,9,WORK
49,10,WORK
50,1,REST
50,2,REST
50,3,WORK
50,4,WORK
50,5,WORK
50,6,WORK
50,7,WORK
50,8,WORK
50,9,WORK
50,10,WORK
51,1,REST
51,2,REST
51,3,WORK
51,4,WORK
51,5,WORK
51,6,WORK
51,7,WORK
51,8,WORK
51,9,WORK
51,10,WORK
52,1,REST
52,2,REST
52,3,WORK
52,4,WORK
52,5,WORK
52,6,WORK
52,7,WORK
52,8,WORK
52,9,WORK
52,10,WORK
53,1,REST
53,2,REST
53,3,WORK
53,4,WORK
53,5,WORK
53,6,WORK
53,7,WORK
53,8,WORK
53,9,WORK
53,10,WORK
54,1,REST
54,2,REST
54,3,WORK
54,4,WORK
54,5,WORK
54,6,WORK
54,7,WORK
54,8,WORK
54,9,WORK
54,10,WORK
55,1,REST
55,2,REST
55,3,WORK
55,4,WORK
55,5,WORK
55,6,WORK
55,7,WORK
55,8,WORK
55,9,WORK
55,10,WORK
56,1,REST
56,2,REST
56,3,WORK
56,4,WORK
56,5,WORK
56,6,WORK
56,7,WORK
56,8,WORK
56,9,WORK
56,10,WORK
57,1,REST
57,2,REST
57,3,WORK
57,4,WORK
57,5,WORK
57,6,WORK
57,7,WORK
57,8,WORK
57,9,WORK
57,10,WORK
58,1,REST
58,2,WORK
58,3,REST
58,4,WORK
58,5,WORK
58,6,WORK
58,7,WORK
58,8,WORK
58,9,WORK
58,10,WORK
59,1,REST
59,2,WORK
59,3,REST
59,4,WORK
59,5,WORK
59,6,WORK
59,7,WORK
59,8,WORK
59,9,WORK
59,10,WORK
60,1,REST
60,2,WORK
60,3,REST
60,4,WORK
60,5,WORK
60,6,WORK
60,7,WORK
60,8,WORK
60,9,WORK
60,10,WORK
61,1,REST
61,2,WORK
61,3,REST
61,4,WORK
61,5,WORK
61,6,WORK
61,7,WORK
61,8,WORK
61,9,WORK
61,10,WORK
62,1,REST
62,2,WORK
62,3,REST
62,4,WORK
62,5,WORK
62,6,WORK
62,7,WORK
62,8,WORK
62,9,WORK
62,10,WORK
63,1,REST
63,2,WORK
63,3,REST
63,4,WORK
63,5,WORK
63,6,WORK
63,7,WORK
63,8,WORK
63,9,WORK
63,10,WORK
64,1,REST
64,2,WORK
64,3,REST
64,4,WORK
64,5,WORK
64,6,WORK
64,7,WORK
64,8,WORK
64,9,WORK
64,10,WORK
65,1,REST
65,2,WORK
65,3,REST
65,4,WORK
65,5,WORK
65,6,WORK
65,7,WORK
65,8,WORK
65,9,WORK
65,10,WORK
66,1,REST
66,2,WORK
66,3,REST
66,4,WORK
66,5,WORK
66,6,WORK
66,7,WORK
66,8,WORK
66,9,WORK
66,10,WORK
67,1,REST
67,2,WORK
67,3,REST
67,4,WORK
67,5,WORK
67,6,WORK
67,7,WORK
67,8,WORK
67,9,WORK
67,10,WORK
68,1,REST
68,2,WORK
68,3,REST
68,4,WORK
68,5,WORK
68,6,WORK
68,7,WORK
68,8,WORK
68,9,WORK
68,10,WORK
69,1,REST
69,2,WORK
69,3,REST
69,4,WORK
69,5,WORK
69,6,WORK
69,7,WORK
69,8,WORK
69,9,WORK
69,10,WORK
70,1,REST
70,2,WORK
70,3,REST
70,4,WORK
70,5,WORK
70,6,WORK
70,7,WORK
70,8,WORK
70,9,WORK
70,10,WORK
71,1,REST
71,2,WORK
71,3,REST
71,4,WORK
71,5,WORK
71,6,WORK
71,7,WORK
71,8,WORK
71,9,WORK
71,10,WORK
72,1,REST
72,2,WORK
72,3,REST
72,4,WORK
72,5,WORK
72,6,WORK
72,7,WORK
72,8,WORK
72,9,WORK
72,10,WORK
73,1,REST
73,2,WORK
73,3,REST
73,4,WORK
73,5,WORK
73,6,WORK
73,7,WORK
73,8,WORK
73,9,WORK
73,10,WORK
74,1,REST
74,2,WORK
74,3,REST
74,4,WORK
74,5,WORK
74,6,WORK
74,7,WORK
74,8,WORK
74,9,WORK
74,10,WORK
75,1,REST
75,2,WORK
75,3,REST
75,4,WORK
75,5,WORK
75,6,WORK
75,7,WORK
75,8,WORK
75,9,WORK
75,10,WORK
76,1,REST
76,2,WORK
76,3,REST
76,4,WORK
76,5,WORK
76,6,WORK
76,7,WORK
76,8,WORK
76,9,WORK
76,10,WORK
77,1,REST
77,2,WORK
77,3,REST
77,4,WORK
77,5,WORK
77,6,WORK
77,7,WORK
77,8,WORK
77,9,WORK
77,10,WORK
78,1,REST
78,2,WORK
78,3,REST
78,4,WORK
78,5,WORK
78,6,WORK
78,7,WORK
78,8,WORK
78,9,WORK
78,10,WORK
79,1,REST
79,2,WORK
79,3,REST
79,4,WORK
79,5,WORK
79,6,WORK
79,7,WORK
79,8,WORK
79,9,WORK
79,10,WORK
80,1,REST
80,2,WORK
80,3,REST
80,4,WORK
80,5,WORK
80,6,WORK
80,7,WORK
80,8,WORK
80,9,WORK
80,10,WORK
81,1,REST
81,2,WORK
81,3,REST
81,4,WORK
81,5,WORK
81,6,WORK
81,7,WORK
81,8,WORK
81,9,WORK
81,10,WORK
82,1,REST
82,2,WORK
82,3,REST
82,4,WORK
82,5,WORK
82,6,WORK
82,7,WORK
82,8,WORK
82,9,WORK
82,10,WORK
83,1,REST
83,2,WORK
83,3,REST
83,4,WORK
83,5,WORK
83,6,WORK
83,7,WORK
83,8,WORK
83,9,WORK
83,10,WORK
84,1,REST
84,2,WORK
84,3,REST
84,4,WORK
84,5,WORK
84,6,WORK
84,7,WORK
84,8,WORK
84,9,WORK
84,10,WORK
85,1,REST
85,2,WORK
85,3,REST
85,4,WORK
85,5,WORK
85,6,WORK
85,7,WORK
85,8,WORK
85,9,WORK
85,10,WORK
86,1,REST
86,2,WORK
86,3,REST
86,4,WORK
86,5,WORK
86,6,WORK
86,7,WORK
86,8,WORK
86,9,WORK
86,10,WORK
87,1,REST
87,2,WORK
87,3,REST
87,4,WORK
87,5,WORK
87,6,WORK
87,7,WORK
87,8,WORK
87,9,WORK
87,10,WORK
88,1,REST
88,2,WORK
88,3,REST
88,4,WORK
88,5,WORK
88,6,WORK
88,7,WORK
88,8,WORK
88,9,WORK
88,10,WORK
89,1,REST
89,2,WORK
89,3,REST
89,4,WORK
89,5,WORK
89,6,WORK
89,7,WORK
89,8,WORK
89,9,WORK
89,10,WORK
90,1,REST
90,2,WORK
90,3,REST
90,4,WORK
90,5,WORK
90,6,WORK
90,7,WORK
90,8,WORK
90,9,WORK
90,10,WORK
91,1,REST
91,2,WORK
91,3,REST
91,4,WORK
91,5,WORK
91,6,WORK
91,7,WORK
91,8,WORK
91,9,WORK
91,10,WORK
92,1,REST
92,2,WORK
92,3,REST
92,4,WORK
92,5,WORK
92,6,WORK
92,7,WORK
92,8,WORK
92,9,WORK
92,10,WORK
93,1,REST
93,2,WORK
93,3,REST
93,4,WORK
93,5,WORK
93,6,WORK
93,7,WORK
93,8,WORK
93,9,WORK
93,10,WORK
94,1,REST
94,2,WORK
94,3,REST
94,4,WORK
94,5,WORK
94,6,WORK
94,7,WORK
94,8,WORK
94,9,WORK
94,10,WORK
95,1,REST
95,2,WORK
95,3,REST
95,4,WORK
95,5,WORK
95,6,WORK
95,7,WORK
95,8,WORK
95,9,WORK
95,10,WORK
96,1,REST
96,2,WORK
96,3,REST
96,4,WORK
96,5,WORK
96,6,WORK
96,7,WORK
96,8,WORK
96,9,WORK
96,10,WORK
97,1,REST
97,2,WORK
97,3,REST
97,4,WORK
97,5,WORK
97,6,WORK
97,7,WORK
97,8,WORK
97,9,WORK
97,10,WORK
98,1,REST
98,2,WORK
98,3,REST
98,4,WORK
98,5,WORK
98,6,WORK
98,7,WORK
98,8,WORK
98,9,WORK
98,10,WORK
99,1,REST
99,2,WORK
99,3,REST
99,4,WORK
99,5,WORK
99,6,WORK
99,7,WORK
99,8,WORK
99,9,WORK
99,10,WORK
100,1,REST
100,2,WORK
100,3,REST
100,4,WORK
100,5,WORK
100,6,WORK
100,7,WORK
100,8,WORK
100,9,WORK
100,10,WORK
101,1,REST
101,2,WORK
101,3,REST
101,4,WORK
101,5,WORK
101,6,WORK
101,7,WORK
101,8,WORK
101,9,WORK
101,10,WORK
102,1,REST
102,2,WORK
102,3,REST
102,4,WORK
102,5,WORK
102,6,WORK
102,7,WORK
102,8,WORK
102,9,WORK
102,10,WORK
103,1,REST
103,2,WORK
103,3,REST
103,4,WORK
103,5,WORK
103,6,WORK
103,7,WORK
103,8,WORK
103,9,WORK
103,10,WORK
104,1,REST
104,2,WORK
104,3,REST
104,4,WORK
104,5,WORK
104,6,WORK
104,7,WORK
104,8,WORK
104,9,WORK
104,10,WORK
105,1,REST
105,2,WORK
105,3,REST
105,4,WORK
105,5,WORK
105,6,WORK
105,7,WORK
105,8,WORK
105,9,WORK
105,10,WORK
106,1,REST
106,2,WORK
106,3,REST
106,4,WORK
106,5,WORK
106,6,WORK
106,7,WORK
106,8,WORK
106,9,WORK
106,10,WORK
107,1,REST
107,2,WORK
107,3,REST
107,4,WORK
107,5,WORK
107,6,WORK
107,7,WORK
107,8,WORK
107,9,WORK
107,10,WORK
108,1,REST
108,2,WORK
108,3,REST
108,4,WORK
108,5,WORK
108,6,WORK
108,7,WORK
108,8,WORK
108,9,WORK
108,10,WORK
109,1,REST
109,2,WORK
109,3,REST
109,4,WORK
109,5,WORK
109,6,WORK
109,7,WORK
109,8,WORK
109,9,WORK
109,10,WORK
110,1,REST
110,2,WORK
110,3,REST
110,4,WORK
110,5,WORK
110,6,WORK
110,7,WORK
110,8,WORK
110,9,WORK
110,10,WORK
111,1,REST
111,2,WORK
111,3,REST
111,4,WORK
111,5,WORK
111,6,WORK
111,7,WORK
111,8,WORK
111,9,WORK
111,10,WORK
112,1,REST
112,2,WORK
112,3,REST
112,4,WORK
112,5,WORK
112,6,WORK
112,7,WORK
112,8,WORK
112,9,WORK
112,10,WORK
113,1,REST
113,2,WORK
113,3,REST
113,4,WORK
113,5,WORK
113,6,WORK
113,7,WORK
113,8,WORK
113,9,WORK
113,10,WORK
114,1,REST
114,2,WORK
114,3,REST
114,4,WORK
114,5,WORK
114,6,WORK
114,7,WORK
114,8,WORK
114,9,WORK
114,10,WORK
115,1,REST
115,2,WORK
115,3,REST
115,4,WORK
115,5,WORK
115,6,WORK
115,7,WORK
115,8,WORK
115,9,WORK
115,10,WORK
116,1,REST
116,2,WORK
116,3,REST
116,4,WORK
116,5,WORK
116,6,WORK
116,7,WORK
116,8,WORK
116,9,WORK
116,10,WORK
117,1,REST
117,2,WORK
117,3,REST
117,4,WORK
117,5,WORK
117,6,WORK
117,7,WORK
117,8,WORK
117,9,WORK
117,10,WORK
118,1,REST
118,2,WORK
118,3,REST
118,4,WORK
118,5,WORK
118,6,WORK
118,7,WORK
118,8,WORK
118,9,WORK
118,10,WORK
119,1,REST
119,2,WORK
119,3,REST
119,4,WORK
119,5,WORK
119,6,WORK
119,7,WORK
119,8,WORK
119,9,WORK
119,10,WORK
120,1,REST
120,2,WORK
120,3,REST
120,4,WORK
120,5,WORK
120,6,WORK
120,7,WORK
120,8,WORK
120,9,WORK
120,10,WORK
121,1,REST
121,2,WORK
121,3,REST
121,4,WORK
121,5,WORK
121,6,WORK
121,7,WORK
121,8,WORK
121,9,WORK
121,10,WORK
122,1,REST
122,2,WORK
122,3,REST
122,4,WORK
122,5,WORK
122,6,WORK
122,7,WORK
122,8,WORK
122,9,WORK
122,10,WORK
123,1,REST
123,2,WORK
123,3,REST
123,4,WORK
123,5,WORK
123,6,WORK
123,7,WORK
123,8,WORK
123,9,WORK
123,10,WORK
124,1,REST
124,2,WORK
124,3,REST
124,4,WORK
124,5,WORK
124,6,WORK
124,7,WORK
124,8,WORK
124,9,WORK
124,10,WORK
125,1,REST
125,2,WORK
125,3,REST
125,4,WORK
125,5,WORK
125,6,WORK
125,7,WORK
125,8,WORK
125,9,WORK
125,10,WORK
126,1,REST
126,2,WORK
126,3,REST
126,4,WORK
126,5,WORK
126,6,WORK
126,7,WORK
126,8,WORK
126,9,WORK
126,10,WORK
127,1,REST
127,2,WORK
127,3,REST
127,4,WORK
127,5,WORK
127,6,WORK
127,7,WORK
127,8,WORK
127,9,WORK
127,10,WORK
128,1,REST
128,2,WORK
128,3,REST
128,4,WORK
128,5,WORK
128,6,WORK
128,7,WORK
128,8,WORK
128,9,WORK
128,10,WORK
129,1,REST
129,2,WORK
129,3,REST
129,4,WORK
129,5,WORK
129,6,WORK
129,7,WORK
129,8,WORK
129,9,WORK
129,10,WORK
130,1,REST
130,2,WORK
130,3,REST
130,4,WORK
130,5,WORK
130,6,WORK
130,7,WORK
130,8,WORK
130,9,WORK
130,10,WORK
131,1,REST
131,2,WORK
131,3,REST
131,4,WORK
131,5,WORK
131,6,WORK
131,7,WORK
131,8,WORK
131,9,WORK
131,10,WORK
132,1,REST
132,2,WORK
132,3,REST
132,4,WORK
132,5,WORK
132,6,WORK
132,7,WORK
132,8,WORK
132,9,WORK
132,10,WORK
133,1,REST
133,2,WORK
133,3,REST
133,4,WORK
133,5,WORK
133,6,WORK
133,7,WORK
133,8,WORK
133,9,WORK
133,10,WORK
134,1,REST
134,2,WORK
134,3,REST
134,4,WORK
134,5,WORK
134,6,WORK
134,7,WORK
134,8,WORK
134,9,WORK
134,10,WORK
135,1,REST
135,2,WORK
135,3,REST
135,4,WORK
135,5,WORK
135,6,WORK
135,7,WORK
135,8,WORK
135,9,WORK
135,10,WORK
136,1,REST
136,2,WORK
136,3,REST
136,4,WORK
136,5,WORK
136,6,WORK
136,7,WORK
136,8,WORK
136,9,WORK
136,10,WORK
137,1,REST
137,2,WORK
137,3,REST
137,4,WORK
137,5,WORK
137,6,WORK
137,7,WORK
137,8,WORK
137,9,WORK
137,10,WORK
138,1,REST
138,2,WORK
138,3,REST
138,4,WORK
138,5,WORK
138,6,WORK
138,7,WORK
138,8,WORK
138,9,WORK
138,10,WORK
139,1,REST
139,2,WORK
139,3,REST
139,4,WORK
139,5,WORK
139,6,WORK
139,7,WORK
139,8,WORK
139,9,WORK
139,10,WORK
140,1,REST
140,2,WORK
140,3,REST
140,4,WORK
140,5,WORK
140,6,WORK
140,7,WORK
140,8,WORK
140,9,WORK
140,10,WORK
141,1,REST
141,2,WORK
141,3,REST
141,4,WORK
141,5,WORK
141,6,WORK
141,7,WORK
141,8,WORK
141,9,WORK
141,10,WORK
142,1,REST
142,2,WORK
142,3,REST
142,4,WORK
142,5,WORK
142,6,WORK
142,7,WORK
142,8,WORK
142,9,WORK
142,10,WORK
143,1,REST
143,2,WORK
143,3,REST
143,4,WORK
143,5,WORK
143,6,WORK
143,7,WORK
143,8,WORK
143,9,WORK
143,10,WORK
144,1,REST
144,2,WORK
144,3,REST
144,4,WORK
144,5,WORK
144,6,WORK
144,7,WORK
144,8,WORK
144,9,WORK
144,10,WORK
145,1,REST
145,2,WORK
145,3,REST
145,4,WORK
145,5,WORK
145,6,WORK
145,7,WORK
145,8,WORK
145,9,WORK
145,10,WORK
146,1,REST
146,2,WORK
146,3,REST
146,4,WORK
146,5,WORK
146,6,WORK
146,7,WORK
146,8,WORK
146,9,WORK
146,10,WORK
147,1,REST
147,2,WORK
147,3,REST
147,4,WORK
147,5,WORK
147,6,WORK
147,7,WORK
147,8,WORK
147,9,WORK
147,10,WORK
148,1,REST
148,2,WORK
148,3,REST
148,4,WORK
148,5,WORK
148,6,WORK
148,7,WORK
148,8,WORK
148,9,WORK
148,10,WORK
149,1,REST
149,2,WORK
149,3,REST
149,4,WORK
149,5,WORK
149,6,WORK
149,7,WORK
149,8,WORK
149,9,WORK
149,10,WORK
150,1,REST
150,2,WORK
150,3,WORK
150,4,REST
150,5,WORK
150,6,WORK
150,7,WORK
150,8,WORK
150,9,WORK
150,10,WORK
151,1,REST
151,2,WORK
151,3,WORK
151,4,REST
151,5,WORK
151,6,WORK
151,7,WORK
151,8,WORK
151,9,WORK
151,10,WORK
152,1,REST
152,2,WORK
152,3,WORK
152,4,REST
152,5,WORK
152,6,WORK
152,7,WORK
152,8,WORK
152,9,WORK
152,10,WORK
153,1,REST
153,2,WORK
153,3,WORK
153,4,REST
153,5,WORK
153,6,WORK
153,7,WORK
153,8,WORK
153,9,WORK
153,10,WORK
154,1,REST
154,2,WORK
154,3,WORK
154,4,REST
154,5,WORK
154,6,WORK
154,7,WORK
154,8,WORK
154,9,WORK
154,10,WORK
155,1,REST
155,2,WORK
155,3,WORK
155,4,REST
155,5,WORK
155,6,WORK
155,7,WORK
155,8,WORK
155,9,WORK
155,10,WORK
156,1,REST
156,2,WORK
156,3,WORK
156,4,REST
156,5,WORK
156,6,WORK
156,7,WORK
156,8,WORK
156,9,WORK
156,10,WORK
157,1,REST
157,2,WORK
157,3,WORK
157,4,REST
157,5,WORK
157,6,WORK
157,7,WORK
157,8,WORK
157,9,WORK
157,10,WORK
158,1,REST
158,2,WORK
158,3,WORK
158,4,REST
158,5,WORK
158,6,WORK
158,7,WORK
158,8,WORK
158,9,WORK
158,10,WORK
159,1,REST
159,2,WORK
159,3,WORK
159,4,REST
159,5,WORK
159,6,WORK
159,7,WORK
159,8,WORK
159,9,WORK
159,10,WORK
160,1,REST
160,2,WORK
160,3,WORK
160,4,REST
160,5,WORK
160,6,WORK
160,7,WORK
160,8,WORK
160,9,WORK
160,10,WORK
161,1,REST
161,2,WORK
161,3,WORK
161,4,REST
161,5,WORK
161,6,WORK
161,7,WORK
161,8,WORK
161,9,WORK
161,10,WORK
162,1,REST
162,2,WORK
162,3,WORK
162,4,REST
162,5,WORK
162,6,WORK
162,7,WORK
162,8,WORK
162,9,WORK
162,10,WORK
163,1,REST
163,2,WORK
163,3,WORK
163,4,REST
163,5,WORK
163,6,WORK
163,7,WORK
163,8,WORK
163,9,WORK
163,10,WORK
164,1,REST
164,2,WORK
164,3,WORK
164,4,REST
164,5,WORK
164,6,WORK
164,7,WORK
164,8,WORK
164,9,WORK
164,10,WORK
165,1,REST
165,2,WORK
165,3,WORK
165,4,REST
165,5,WORK
165,6,WORK
165,7,WORK
165,8,WORK
165,9,WORK
165,10,WORK
166,1,REST
166,2,WORK
166,3,WORK
166,4,REST
166,5,WORK
166,6,WORK
166,7,WORK
166,8,WORK
166,9,WORK
166,10,WORK
167,1,REST
167,2,WORK
167,3,WORK
167,4,REST
167,5,WORK
167,6,WORK
167,7,WORK
167,8,WORK
167,9,WORK
167,10,WORK
168,1,REST
168,2,WORK
168,3,WORK
168,4,REST
168,5,WORK
168,6,WORK
168,7,WORK
168,8,WORK
168,9,WORK
168,10,WORK
169,1,REST
169,2,WORK
169,3,WORK
169,4,REST
169,5,WORK
169,6,WORK
169,7,WORK
169,8,WORK
169,9,WORK
169,10,WORK
170,1,REST
170,2,WORK
170,3,WORK
170,4,REST
170,5,WORK
170,6,WORK
170,7,WORK
170,8,WORK
170,9,WORK
170,10,WORK
171,1,REST
171,2,WORK
171,3,WORK
171,4,REST
171,5,WORK
171,6,WORK
171,7,WORK
171,8,WORK
171,9,WORK
171,10,WORK
172,1,REST
172,2,WORK
172,3,WORK
172,4,REST
172,5,WORK
172,6,WORK
172,7,WORK
172,8,WORK
172,9,WORK
172,10,WORK
173,1,REST
173,2,WORK
173,3,WORK
173,4,REST
173,5,WORK
173,6,WORK
173,7,WORK
173,8,WORK
173,9,WORK
173,10,WORK
174,1,REST
174,2,WORK
174,3,WORK
174,4,REST
174,5,WORK
174,6,WORK
174,7,WORK
174,8,WORK
174,9,WORK
174,10,WORK
175,1,REST
175,2,WORK
175,3,WORK
175,4,REST
175,5,WORK
175,6,WORK
175,7,WORK
175,8,WORK
175,9,WORK
175,10,WORK
176,1,REST
176,2,WORK
176,3,WORK
176,4,REST
176,5,WORK
176,6,WORK
176,7,WORK
176,8,WORK
176,9,WORK
176,10,WORK
177,1,REST
177,2,WORK
177,3,WORK
177,4,REST
177,5,WORK
177,6,WORK
177,7,WORK
177,8,WORK
177,9,WORK
177,10,WORK
178,1,REST
178,2,WORK
178,3,WORK
178,4,REST
178,5,WORK
178,6,WORK
178,7,WORK
178,8,WORK
178,9,WORK
178,10,WORK
179,1,REST
179,2,WORK
179,3,WORK
179,4,REST
179,5,WORK
179,6,WORK
179,7,WORK
179,8,WORK
179,9,WORK
179,10,WORK
180,1,REST
180,2,WORK
180,3,WORK
180,4,REST
180,5,WORK
180,6,WORK
180,7,WORK
180,8,WORK
180,9,WORK
180,10,WORK
181,1,REST
181,2,WORK
181,3,WORK
181,4,REST
181,5,WORK
181,6,WORK
181,7,WORK
181,8,WORK
181,9,WORK
181,10,WORK
182,1,REST
182,2,WORK
182,3,WORK
182,4,REST
182,5,WORK
182,6,WORK
182,7,WORK
182,8,WORK
182,9,WORK
182,10,WORK
183,1,REST
183,2,WORK
183,3,WORK
183,4,REST
183,5,WORK
183,6,WORK
183,7,WORK
183,8,WORK
183,9,WORK
183,10,WORK
184,1,REST
184,2,WORK
184,3,WORK
184,4,REST
184,5,WORK
184,6,WORK
184,7,WORK
184,8,WORK
184,9,WORK
184,10,WORK
185,1,REST
185,2,WORK
185,3,WORK
185,4,REST
185,5,WORK
185,6,WORK
185,7,WORK
185,8,WORK
185,9,WORK
185,10,WORK
186,1,REST
186,2,WORK
186,3,WORK
186,4,REST
186,5,WORK
186,6,WORK
186,7,WORK
186,8,WORK
186,9,WORK
186,10,WORK
187,1,REST
187,2,WORK
187,3,WORK
187,4,REST
187,5,WORK
187,6,WORK
187,7,WORK
187,8,WORK
187,9,WORK
187,10,WORK
188,1,REST
188,2,WORK
188,3,WORK
188,4,REST
188,5,WORK
188,6,WORK
188,7,WORK
188,8,WORK
188,9,WORK
188,10,WORK
189,1,REST
189,2,WORK
189,3,WORK
189,4,REST
189,5,WORK
189,6,WORK
189,7,WORK
189,8,WORK
189,9,WORK
189,10,WORK
190,1,REST
190,2,WORK
190,3,WORK
190,4,REST
190,5,WORK
190,6,WORK
190,7,WORK
190,8,WORK
190,9,WORK
190,10,WORK
191,1,REST
191,2,WORK
191,3,WORK
191,4,REST
191,5,WORK
191,6,WORK
191,7,WORK
191,8,WORK
191,9,WORK
191,10,WORK
192,1,REST
192,2,WORK
192,3,WORK
192,4,REST
192,5,WORK
192,6,WORK
192,7,WORK
192,8,WORK
192,9,WORK
192,10,WORK
193,1,WORK
193,2,WORK
193,3,WORK
193,4,REST
193,5,REST
193,6,WORK
193,7,WORK
193,8,WORK
193,9,WORK
193,10,WORK
194,1,WORK
194,2,WORK
194,3,WORK
194,4,REST
194,5,REST
194,6,WORK
194,7,WORK
194,8,WORK
194,9,WORK
194,10,WORK
195,1,WORK
195,2,WORK
195,3,WORK
195,4,REST
195,5,REST
195,6,WORK
195,7,WORK
195,8,WORK
195,9,WORK
195,10,WORK
196,1,WORK
196,2,WORK
196,3,WORK
196,4,REST
196,5,REST
196,6,WORK
196,7,WORK
196,8,WORK
196,9,WORK
196,10,WORK
197,1,WORK
197,2,WORK
197,3,WORK
197,4,REST
197,5,REST
197,6,WORK
197,7,WORK
197,8,WORK
197,9,WORK
197,10,WORK
198,1,WORK
198,2,WORK
198,3,WORK
198,4,REST
198,5,REST
198,6,WORK
198,7,WORK
198,8,WORK
198,9,WORK
198,10,WORK
199,1,WORK
199,2,WORK
199,3,WORK
199,4,REST
199,5,REST
199,6,WORK
199,7,WORK
199,8,WORK
199,9,WORK
199,10,WORK
200,1,WORK
200,2,WORK
200,3,WORK
200,4,REST
200,5,REST
200,6,WORK
200,7,WORK
200,8,WORK
200,9,WORK
200,10,WORK
201,1,WORK
201,2,WORK
201,3,WORK
201,4,REST
201,5,REST
201,6,WORK
201,7,WORK
201,8,WORK
201,9,WORK
201,10,WORK
202,1,WORK
202,2,WORK
202,3,WORK
202,4,REST
202,5,REST
202,6,WORK
202,7,WORK
202,8,WORK
202,9,WORK
202,10,WORK
203,1,WORK
203,2,WORK
203,3,WORK
203,4,REST
203,5,REST
203,6,WORK
203,7,WORK
203,8,WORK
203,9,WORK
203,10,WORK
204,1,WORK
204,2,WORK
204,3,WORK
204,4,REST
204,5,REST
204,6,WORK
204,7,WORK
204,8,WORK
204,9,WORK
204,10,WORK
205,1,WORK
205,2,WORK
205,3,WORK
205,4,REST
205,5,REST
205,6,WORK
205,7,WORK
205,8,WORK
205,9,WORK
205,10,WORK
206,1,WORK
206,2,WORK
206,3,WORK
206,4,REST
206,5,REST
206,6,WORK
206,7,WORK
206,8,WORK
206,9,WORK
206,10,WORK
207,1,WORK
207,2,WORK
207,3,WORK
207,4,REST
207,5,REST
207,6,WORK
207,7,WORK
207,8,WORK
207,9,WORK
207,10,WORK
208,1,WORK
208,2,WORK
208,3,WORK
208,4,REST
208,5,REST
208,6,WORK
208,7,WORK
208,8,WORK
208,9,WORK
208,10,WORK
209,1,WORK
209,2,WORK
209,3,WORK
209,4,REST
209,5,REST
209,6,WORK
209,7,WORK
209,8,WORK
209,9,WORK
209,10,WORK
210,1,WORK
210,2,WORK
210,3,WORK
210,4,REST
210,5,REST
210,6,WORK
210,7,WORK
210,8,WORK
210,9,WORK
210,10,WORK
211,1,WORK
211,2,WORK
211,3,WORK
211,4,REST
211,5,REST
211,6,WORK
211,7,WORK
211,8,WORK
211,9,WORK
211,10,WORK
212,1,WORK
212,2,WORK
212,3,WORK
212,4,REST
212,5,REST
212,6,WORK
212,7,WORK
212,8,WORK
212,9,WORK
212,10,WORK
213,1,WORK
213,2,WORK
213,3,WORK
213,4,REST
213,5,REST
213,6,WORK
213,7,WORK
213,8,WORK
213,9,WORK
213,10,WORK
214,1,WORK
214,2,WORK
214,3,WORK
214,4,REST
214,5,REST
214,6,WORK
214,7,WORK
214,8,WORK
214,9,WORK
214,10,WORK
215,1,WORK
215,2,WORK
215,3,WORK
215,4,REST
215,5,REST
215,6,WORK
215,7,WORK
215,8,WORK
215,9,WORK
215,10,WORK
216,1,WORK
216,2,WORK
216,3,WORK
216,4,REST
216,5,REST
216,6,WORK
216,7,WORK
216,8,WORK
216,9,WORK
216,10,WORK
217,1,WORK
217,2,WORK
217,3,WORK
217,4,REST
217,5,REST
217,6,WORK
217,7,WORK
217,8,WORK
217,9,WORK
217,10,WORK
218,1,WORK
218,2,WORK
218,3,WORK
218,4,REST
218,5,REST
218,6,WORK
218,7,WORK
218,8,WORK
218,9,WORK
218,10,WORK
219,1,WORK
219,2,WORK
219,3,WORK
219,4,REST
219,5,REST
219,6,WORK
219,7,WORK
219,8,WORK
219,9,WORK
219,10,WORK
220,1,WORK
220,2,WORK
220,3,WORK
220,4,REST
220,5,REST
220,6,WORK
220,7,WORK
220,8,WORK
220,9,WORK
220,10,WORK
221,1,WORK
221,2,WORK
221,3,WORK
221,4,REST
221,5,REST
221,6,WORK
221,7,WORK
221,8,WORK
221,9,WORK
221,10,WORK
222,1,WORK
222,2,WORK
222,3,WORK
222,4,REST
222,5,REST
222,6,WORK
222,7,WORK
222,8,WORK
222,9,WORK
222,10,WORK
223,1,WORK
223,2,WORK
223,3,WORK
223,4,WORK
223,5,REST
223,6,REST
223,7,WORK
223,8,WORK
223,9,WORK
223,10,WORK
224,1,WORK
224,2,WORK
224,3,WORK
224,4,WORK
224,5,REST
224,6,REST
224,7,WORK
224,8,WORK
224,9,WORK
224,10,WORK
225,1,WORK
225,2,WORK
225,3,WORK
225,4,WORK
225,5,REST
225,6,REST
225,7,WORK
225,8,WORK
225,9,WORK
225,10,WORK
226,1,WORK
226,2,WORK
226,3,WORK
226,4,WORK
226,5,REST
226,6,REST
226,7,WORK
226,8,WORK
226,9,WORK
226,10,WORK
227,1,WORK
227,2,WORK
227,3,WORK
227,4,WORK
227,5,REST
227,6,REST
227,7,WORK
227,8,WORK
227,9,WORK
227,10,WORK
228,1,WORK
228,2,WORK
228,3,WORK
228,4,WORK
228,5,REST
228,6,REST
228,7,WORK
228,8,WORK
228,9,WORK
228,10,WORK
229,1,WORK
229,2,WORK
229,3,WORK
229,4,WORK
229,5,REST
229,6,REST
229,7,WORK
229,8,WORK
229,9,WORK
229,10,WORK
230,1,WORK
230,2,WORK
230,3,WORK
230,4,WORK
230,5,REST
230,6,REST
230,7,WORK
230,8,WORK
230,9,WORK
230,10,WORK
231,1,WORK
231,2,WORK
231,3,WORK
231,4,WORK
231,5,REST
231,6,REST
231,7,WORK
231,8,WORK
231,9,WORK
231,10,WORK
232,1,WORK
232,2,WORK
232,3,WORK
232,4,WORK
232,5,REST
232,6,REST
232,7,WORK
232,8,WORK
232,9,WORK
232,10,WORK
233,1,WORK
233,2,WORK
233,3,WORK
233,4,WORK
233,5,REST
233,6,REST
233,7,WORK
233,8,WORK
233,9,WORK
233,10,WORK
234,1,WORK
234,2,WORK
234,3,WORK
234,4,WORK
234,5,REST
234,6,REST
234,7,WORK
234,8,WORK
234,9,WORK
234,10,WORK
235,1,WORK
235,2,WORK
235,3,WORK
235,4,WORK
235,5,REST
235,6,REST
235,7,WORK
235,8,WORK
235,9,WORK
235,10,WORK
236,1,WORK
236,2,WORK
236,3,WORK
236,4,WORK
236,5,REST
236,6,REST
236,7,WORK
236,8,WORK
236,9,WORK
236,10,WORK
237,1,WORK
237,2,WORK
237,3,WORK
237,4,WORK
237,5,REST
237,6,REST
237,7,WORK
237,8,WORK
237,9,WORK
237,10,WORK
238,1,WORK
238,2,WORK
238,3,WORK
238,4,WORK
238,5,REST
238,6,REST
238,7,WORK
238,8,WORK
238,9,WORK
238,10,WORK
239,1,WORK
239,2,WORK
239,3,WORK
239,4,WORK
239,5,REST
239,6,REST
239,7,WORK
239,8,WORK
239,9,WORK
239,10,WORK
240,1,WORK
240,2,WORK
240,3,WORK
240,4,WORK
240,5,REST
240,6,REST
240,7,WORK
240,8,WORK
240,9,WORK
240,10,WORK
241,1,WORK
241,2,WORK
241,3,WORK
241,4,WORK
241,5,REST
241,6,REST
241,7,WORK
241,8,WORK
241,9,WORK
241,10,WORK
242,1,WORK
242,2,WORK
242,3,WORK
242,4,WORK
242,5,REST
242,6,REST
242,7,WORK
242,8,WORK
242,9,WORK
242,10,WORK
243,1,WORK
243,2,WORK
243,3,WORK
243,4,WORK
243,5,REST
243,6,REST
243,7,WORK
243,8,WORK
243,9,WORK
243,10,WORK
244,1,WORK
244,2,WORK
244,3,WORK
244,4,WORK
244,5,REST
244,6,REST
244,7,WORK
244,8,WORK
244,9,WORK
244,10,WORK
245,1,WORK
245,2,WORK
245,3,WORK
245,4,WORK
245,5,REST
245,6,REST
245,7,WORK
245,8,WORK
245,9,WORK
245,10,WORK
246,1,WORK
246,2,WORK
246,3,WORK
246,4,WORK
246,5,REST
246,6,REST
246,7,WORK
246,8,WORK
246,9,WORK
246,10,WORK
247,1,WORK
247,2,WORK
247,3,WORK
247,4,WORK
247,5,REST
247,6,REST
247,7,WORK
247,8,WORK
247,9,WORK
247,10,WORK
248,1,WORK
248,2,WORK
248,3,WORK
248,4,WORK
248,5,REST
248,6,REST
248,7,WORK
248,8,WORK
248,9,WORK
248,10,WORK
249,1,WORK
249,2,WORK
249,3,WORK
249,4,WORK
249,5,REST
249,6,REST
249,7,WORK
249,8,WORK
249,9,WORK
249,10,WORK
250,1,WORK
250,2,WORK
250,3,WORK
250,4,WORK
250,5,WORK
250,6,REST
250,7,REST
250,8,WORK
250,9,WORK
250,10,WORK
251,1,WORK
251,2,WORK
251,3,WORK
251,4,WORK
251,5,WORK
251,6,REST
251,7,REST
251,8,WORK
251,9,WORK
251,10,WORK
252,1,WORK
252,2,WORK
252,3,WORK
252,4,WORK
252,5,WORK
252,6,REST
252,7,REST
252,8,WORK
252,9,WORK
252,10,WORK
253,1,WORK
253,2,WORK
253,3,WORK
253,4,WORK
253,5,WORK
253,6,REST
253,7,REST
253,8,WORK
253,9,WORK
253,10,WORK
254,1,WORK
254,2,WORK
254,3,WORK
254,4,WORK
254,5,WORK
254,6,REST
254,7,REST
254,8,WORK
254,9,WORK
254,10,WORK
255,1,WORK
255,2,WORK
255,3,WORK
255,4,WORK
255,5,WORK
255,6,REST
255,7,REST
255,8,WORK
255,9,WORK
255,10,WORK
256,1,WORK
256,2,WORK
256,3,WORK
256,4,WORK
256,5,WORK
256,6,REST
256,7,REST
256,8,WORK
256,9,WORK
256,10,WORK
257,1,WORK
257,2,WORK
257,3,WORK
257,4,WORK
257,5,WORK
257,6,REST
257,7,REST
257,8,WORK
257,9,WORK
257,10,WORK
258,1,WORK
258,2,WORK
258,3,WORK
258,4,WORK
258,5,WORK
258,6,REST
258,7,REST
258,8,WORK
258,9,WORK
258,10,WORK
259,1,WORK
259,2,WORK
259,3,WORK
259,4,WORK
259,5,WORK
259,6,REST
259,7,REST
259,8,WORK
259,9,WORK
259,10,WORK
260,1,WORK
260,2,WORK
260,3,WORK
260,4,WORK
260,5,WORK
260,6,REST
260,7,REST
260,8,WORK
260,9,WORK
260,10,WORK
261,1,WORK
261,2,WORK
261,3,WORK
261,4,WORK
261,5,WORK
261,6,REST
261,7,REST
261,8,WORK
261,9,WORK
261,10,WORK
262,1,WORK
262,2,WORK
262,3,WORK
262,4,WORK
262,5,WORK
262,6,REST
262,7,REST
262,8,WORK
262,9,WORK
262,10,WORK
263,1,WORK
263,2,WORK
263,3,WORK
263,4,WORK
263,5,WORK
263,6,REST
263,7,REST
263,8,WORK
263,9,WORK
263,10,WORK
264,1,WORK
264,2,WORK
264,3,WORK
264,4,WORK
264,5,WORK
264,6,REST
264,7,REST
264,8,WORK
264,9,WORK
264,10,WORK
265,1,WORK
265,2,WORK
265,3,WORK
265,4,WORK
265,5,WORK
265,6,REST
265,7,REST
265,8,WORK
265,9,WORK
265,10,WORK
266,1,WORK
266,2,WORK
266,3,WORK
266,4,WORK
266,5,WORK
266,6,REST
266,7,REST
266,8,WORK
266,9,WORK
266,10,WORK
267,1,WORK
267,2,WORK
267,3,WORK
267,4,WORK
267,5,WORK
267,6,REST
267,7,REST
267,8,WORK
267,9,WORK
267,10,WORK
268,1,WORK
268,2,WORK
268,3,WORK
268,4,WORK
268,5,WORK
268,6,REST
268,7,REST
268,8,WORK
268,9,WORK
268,10,WORK
269,1,WORK
269,2,WORK
269,3,WORK
269,4,WORK
269,5,WORK
269,6,REST
269,7,REST
269,8,WORK
269,9,WORK
269,10,WORK
270,1,WORK
270,2,WORK
270,3,WORK
270,4,WORK
270,5,WORK
270,6,REST
270,7,REST
270,8,WORK
270,9,WORK
270,10,WORK
271,1,WORK
271,2,WORK
271,3,WORK
271,4,WORK
271,5,WORK
271,6,REST
271,7,REST
271,8,WORK
271,9,WORK
271,10,WORK
272,1,WORK
272,2,WORK
272,3,WORK
272,4,WORK
272,5,WORK
272,6,REST
272,7,REST
272,8,WORK
272,9,WORK
272,10,WORK
273,1,WORK
273,2,WORK
273,3,WORK
273,4,WORK
273,5,WORK
273,6,REST
273,7,REST
273,8,WORK
273,9,WORK
273,10,WORK
274,1,WORK
274,2,WORK
274,3,WORK
274,4,WORK
274,5,WORK
274,6,REST
274,7,REST
274,8,WORK
274,9,WORK
274,10,WORK
275,1,WORK
275,2,WORK
275,3,WORK
275,4,WORK
275,5,WORK
275,6,REST
275,7,REST
275,8,WORK
275,9,WORK
275,10,WORK
276,1,WORK
276,2,WORK
276,3,WORK
276,4,WORK
276,5,WORK
276,6,REST
276,7,REST
276,8,WORK
276,9,WORK
276,10,WORK
277,1,WORK
277,2,WORK
277,3,WORK
277,4,WORK
277,5,WORK
277,6,REST
277,7,REST
277,8,WORK
277,9,WORK
277,10,WORK
278,1,WORK
278,2,WORK
278,3,WORK
278,4,WORK
278,5,WORK
278,6,REST
278,7,REST
278,8,WORK
278,9,WORK
278,10,WORK
279,1,WORK
279,2,WORK
279,3,WORK
279,4,WORK
279,5,WORK
279,6,REST
279,7,REST
279,8,WORK
279,9,WORK
279,10,WORK
280,1,WORK
280,2,WORK
280,3,WORK
280,4,WORK
280,5,WORK
280,6,REST
280,7,REST
280,8,WORK
280,9,WORK
280,10,WORK
281,1,WORK
281,2,WORK
281,3,WORK
281,4,WORK
281,5,WORK
281,6,REST
281,7,REST
281,8,WORK
281,9,WORK
281,10,WORK
282,1,WORK
282,2,WORK
282,3,WORK
282,4,WORK
282,5,WORK
282,6,REST
282,7,REST
282,8,WORK
282,9,WORK
282,10,WORK
283,1,WORK
283,2,WORK
283,3,WORK
283,4,WORK
283,5,WORK
283,6,REST
283,7,REST
283,8,WORK
283,9,WORK
283,10,WORK
284,1,WORK
284,2,WORK
284,3,WORK
284,4,WORK
284,5,WORK
284,6,REST
284,7,REST
284,8,WORK
284,9,WORK
284,10,WORK
285,1,WORK
285,2,WORK
285,3,WORK
285,4,WORK
285,5,WORK
285,6,REST
285,7,REST
285,8,WORK
285,9,WORK
285,10,WORK
286,1,WORK
286,2,WORK
286,3,WORK
286,4,WORK
286,5,WORK
286,6,REST
286,7,REST
286,8,WORK
286,9,WORK
286,10,WORK
287,1,WORK
287,2,WORK
287,3,WORK
287,4,WORK
287,5,WORK
287,6,REST
287,7,REST
287,8,WORK
287,9,WORK
287,10,WORK
288,1,WORK
288,2,WORK
288,3,WORK
288,4,WORK
288,5,WORK
288,6,REST
288,7,REST
288,8,WORK
288,9,WORK
288,10,WORK
289,1,WORK
289,2,WORK
289,3,WORK
289,4,WORK
289,5,WORK
289,6,REST
289,7,REST
289,8,WORK
289,9,WORK
289,10,WORK
290,1,WORK
290,2,WORK
290,3,WORK
290,4,WORK
290,5,WORK
290,6,REST
290,7,REST
290,8,WORK
290,9,WORK
290,10,WORK
291,1,WORK
291,2,WORK
291,3,WORK
291,4,WORK
291,5,WORK
291,6,REST
291,7,REST
291,8,WORK
291,9,WORK
291,10,WORK
292,1,WORK
292,2,WORK
292,3,WORK
292,4,WORK
292,5,WORK
292,6,REST
292,7,WORK
292,8,REST
292,9,WORK
292,10,WORK
293,1,WORK
293,2,WORK
293,3,WORK
293,4,WORK
293,5,WORK
293,6,REST
293,7,WORK
293,8,REST
293,9,WORK
293,10,WORK
294,1,WORK
294,2,WORK
294,3,WORK
294,4,WORK
294,5,WORK
294,6,REST
294,7,WORK
294,8,REST
294,9,WORK
294,10,WORK
295,1,WORK
295,2,WORK
295,3,WORK
295,4,WORK
295,5,WORK
295,6,REST
295,7,WORK
295,8,REST
295,9,WORK
295,10,WORK
296,1,WORK
296,2,WORK
296,3,WORK
296,4,WORK
296,5,WORK
296,6,REST
296,7,WORK
296,8,REST
296,9,WORK
296,10,WORK
297,1,WORK
297,2,WORK
297,3,WORK
297,4,WORK
297,5,WORK
297,6,REST
297,7,WORK
297,8,REST
297,9,WORK
297,10,WORK
298,1,WORK
298,2,WORK
298,3,WORK
298,4,WORK
298,5,WORK
298,6,WORK
298,7,WORK
298,8,REST
298,9,REST
298,10,WORK
299,1,WORK
299,2,WORK
299,3,WORK
299,4,WORK
299,5,WORK
299,6,WORK
299,7,WORK
299,8,REST
299,9,REST
299,10,WORK
300,1,WORK
300,2,WORK
300,3,WORK
300,4,WORK
300,5,WORK
300,6,WORK
300,7,WORK
300,8,REST
300,9,REST
300,10,WORK
301,1,WORK
301,2,WORK
301,3,WORK
301,4,WORK
301,5,WORK
301,6,WORK
301,7,WORK
301,8,REST
301,9,REST
301,10,WORK
302,1,WORK
302,2,WORK
302,3,WORK
302,4,WORK
302,5,WORK
302,6,WORK
302,7,WORK
302,8,REST
302,9,REST
302,10,WORK
303,1,WORK
303,2,WORK
303,3,WORK
303,4,WORK
303,5,WORK
303,6,WORK
303,7,WORK
303,8,REST
303,9,REST
303,10,WORK
304,1,WORK
304,2,WORK
304,3,WORK
304,4,WORK
304,5,WORK
304,6,WORK
304,7,WORK
304,8,REST
304,9,REST
304,10,WORK
305,1,WORK
305,2,WORK
305,3,WORK
305,4,WORK
305,5,WORK
305,6,WORK
305,7,WORK
305,8,REST
305,9,REST
305,10,WORK
306,1,WORK
306,2,WORK
306,3,WORK
306,4,WORK
306,5,WORK
306,6,WORK
306,7,WORK
306,8,REST
306,9,REST
306,10,WORK
307,1,WORK
307,2,WORK
307,3,WORK
307,4,WORK
307,5,WORK
307,6,WORK
307,7,WORK
307,8,REST
307,9,REST
307,10,WORK
308,1,WORK
308,2,WORK
308,3,WORK
308,4,WORK
308,5,WORK
308,6,WORK
308,7,WORK
308,8,REST
308,9,REST
308,10,WORK
309,1,WORK
309,2,WORK
309,3,WORK
309,4,WORK
309,5,WORK
309,6,WORK
309,7,WORK
309,8,REST
309,9,REST
309,10,WORK
310,1,WORK
310,2,WORK
310,3,WORK
310,4,WORK
310,5,WORK
310,6,WORK
310,7,WORK
310,8,REST
310,9,REST
310,10,WORK
311,1,WORK
311,2,WORK
311,3,WORK
311,4,WORK
311,5,WORK
311,6,WORK
311,7,WORK
311,8,REST
311,9,REST
311,10,WORK
312,1,WORK
312,2,WORK
312,3,WORK
312,4,WORK
312,5,WORK
312,6,WORK
312,7,WORK
312,8,REST
312,9,REST
312,10,WORK
313,1,WORK
313,2,WORK
313,3,WORK
313,4,WORK
313,5,WORK
313,6,WORK
313,7,WORK
313,8,REST
313,9,REST
313,10,WORK
314,1,WORK
314,2,WORK
314,3,WORK
314,4,WORK
314,5,WORK
314,6,WORK
314,7,WORK
314,8,REST
314,9,REST
314,10,WORK
315,1,WORK
315,2,WORK
315,3,WORK
315,4,WORK
315,5,WORK
315,6,WORK
315,7,WORK
315,8,REST
315,9,REST
315,10,WORK
316,1,WORK
316,2,WORK
316,3,WORK
316,4,WORK
316,5,WORK
316,6,WORK
316,7,WORK
316,8,REST
316,9,REST
316,10,WORK
317,1,WORK
317,2,WORK
317,3,WORK
317,4,WORK
317,5,WORK
317,6,WORK
317,7,WORK
317,8,REST
317,9,REST
317,10,WORK
318,1,WORK
318,2,WORK
318,3,WORK
318,4,WORK
318,5,WORK
318,6,WORK
318,7,WORK
318,8,REST
318,9,REST
318,10,WORK
319,1,WORK
319,2,WORK
319,3,WORK
319,4,WORK
319,5,WORK
319,6,WORK
319,7,WORK
319,8,REST
319,9,REST
319,10,WORK
320,1,WORK
320,2,WORK
320,3,WORK
320,4,WORK
320,5,WORK
320,6,WORK
320,7,WORK
320,8,REST
320,9,REST
320,10,WORK
321,1,WORK
321,2,WORK
321,3,WORK
321,4,WORK
321,5,WORK
321,6,WORK
321,7,WORK
321,8,REST
321,9,REST
321,10,WORK
322,1,WORK
322,2,WORK
322,3,WORK
322,4,WORK
322,5,WORK
322,6,WORK
322,7,WORK
322,8,REST
322,9,REST
322,10,WORK
323,1,WORK
323,2,WORK
323,3,WORK
323,4,WORK
323,5,WORK
323,6,WORK
323,7,WORK
323,8,REST
323,9,REST
323,10,WORK
324,1,WORK
324,2,WORK
324,3,WORK
324,4,WORK
324,5,WORK
324,6,WORK
324,7,WORK
324,8,REST
324,9,REST
324,10,WORK
325,1,WORK
325,2,WORK
325,3,WORK
325,4,WORK
325,5,WORK
325,6,WORK
325,7,WORK
325,8,REST
325,9,REST
325,10,WORK
326,1,WORK
326,2,WORK
326,3,WORK
326,4,WORK
326,5,WORK
326,6,WORK
326,7,WORK
326,8,REST
326,9,REST
326,10,WORK
327,1,WORK
327,2,WORK
327,3,WORK
327,4,WORK
327,5,WORK
327,6,WORK
327,7,WORK
327,8,REST
327,9,REST
327,10,WORK
328,1,WORK
328,2,WORK
328,3,WORK
328,4,WORK
328,5,WORK
328,6,WORK
328,7,WORK
328,8,REST
328,9,REST
328,10,WORK
329,1,WORK
329,2,WORK
329,3,WORK
329,4,WORK
329,5,WORK
329,6,WORK
329,7,WORK
329,8,REST
329,9,REST
329,10,WORK
330,1,WORK
330,2,WORK
330,3,WORK
330,4,WORK
330,5,WORK
330,6,WORK
330,7,WORK
330,8,REST
330,9,REST
330,10,WORK
331,1,WORK
331,2,WORK
331,3,WORK
331,4,WORK
331,5,WORK
331,6,WORK
331,7,WORK
331,8,REST
331,9,REST
331,10,WORK
332,1,WORK
332,2,WORK
332,3,WORK
332,4,WORK
332,5,WORK
332,6,WORK
332,7,WORK
332,8,REST
332,9,REST
332,10,WORK
333,1,WORK
333,2,WORK
333,3,WORK
333,4,WORK
333,5,WORK
333,6,WORK
333,7,WORK
333,8,REST
333,9,REST
333,10,WORK
334,1,WORK
334,2,WORK
334,3,WORK
334,4,WORK
334,5,WORK
334,6,WORK
334,7,WORK
334,8,REST
334,9,REST
334,10,WORK
335,1,WORK
335,2,WORK
335,3,WORK
335,4,WORK
335,5,WORK
335,6,WORK
335,7,WORK
335,8,REST
335,9,REST
335,10,WORK
336,1,WORK
336,2,WORK
336,3,WORK
336,4,WORK
336,5,WORK
336,6,WORK
336,7,WORK
336,8,REST
336,9,REST
336,10,WORK
337,1,WORK
337,2,WORK
337,3,WORK
337,4,WORK
337,5,WORK
337,6,WORK
337,7,WORK
337,8,REST
337,9,REST
337,10,WORK
338,1,WORK
338,2,WORK
338,3,WORK
338,4,WORK
338,5,WORK
338,6,WORK
338,7,WORK
338,8,REST
338,9,REST
338,10,WORK
339,1,WORK
339,2,WORK
339,3,WORK
339,4,WORK
339,5,WORK
339,6,WORK
339,7,WORK
339,8,REST
339,9,REST
339,10,WORK
340,1,WORK
340,2,WORK
340,3,WORK
340,4,WORK
340,5,WORK
340,6,WORK
340,7,WORK
340,8,REST
340,9,REST
340,10,WORK
341,1,WORK
341,2,WORK
341,3,WORK
341,4,WORK
341,5,WORK
341,6,WORK
341,7,WORK
341,8,REST
341,9,REST
341,10,WORK
342,1,WORK
342,2,WORK
342,3,WORK
342,4,WORK
342,5,WORK
342,6,WORK
342,7,WORK
342,8,REST
342,9,REST
342,10,WORK
343,1,WORK
343,2,WORK
343,3,WORK
343,4,WORK
343,5,WORK
343,6,WORK
343,7,WORK
343,8,REST
343,9,REST
343,10,WORK
344,1,WORK
344,2,WORK
344,3,WORK
344,4,WORK
344,5,WORK
344,6,WORK
344,7,WORK
344,8,REST
344,9,REST
344,10,WORK
345,1,WORK
345,2,WORK
345,3,WORK
345,4,WORK
345,5,WORK
345,6,WORK
345,7,WORK
345,8,REST
345,9,REST
345,10,WORK
346,1,WORK
346,2,WORK
346,3,WORK
346,4,WORK
346,5,WORK
346,6,WORK
346,7,WORK
346,8,REST
346,9,REST
346,10,WORK
347,1,WORK
347,2,WORK
347,3,WORK
347,4,WORK
347,5,WORK
347,6,WORK
347,7,WORK
347,8,REST
347,9,REST
347,10,WORK
348,1,WORK
348,2,WORK
348,3,WORK
348,4,WORK
348,5,WORK
348,6,WORK
348,7,WORK
348,8,WORK
348,9,REST
348,10,REST
349,1,WORK
349,2,WORK
349,3,WORK
349,4,WORK
349,5,WORK
349,6,WORK
349,7,WORK
349,8,WORK
349,9,REST
349,10,REST
350,1,WORK
350,2,WORK
350,3,WORK
350,4,WORK
350,5,WORK
350,6,WORK
350,7,WORK
350,8,WORK
350,9,REST
350,10,REST
351,1,WORK
351,2,WORK
351,3,WORK
351,4,WORK
351,5,WORK
351,6,WORK
351,7,WORK
351,8,WORK
351,9,REST
351,10,REST
352,1,WORK
352,2,WORK
352,3,WORK
352,4,WORK
352,5,WORK
352,6,WORK
352,7,WORK
352,8,WORK
352,9,REST
352,10,REST
353,1,WORK
353,2,WORK
353,3,WORK
353,4,WORK
353,5,WORK
353,6,WORK
353,7,WORK
353,8,WORK
353,9,REST
353,10,REST
354,1,WORK
354,2,WORK
354,3,WORK
354,4,WORK
354,5,WORK
354,6,WORK
354,7,WORK
354,8,WORK
354,9,REST
354,10,REST
355,1,WORK
355,2,WORK
355,3,WORK
355,4,WORK
355,5,WORK
355,6,WORK
355,7,WORK
355,8,WORK
355,9,REST
355,10,REST
356,1,WORK
356,2,WORK
356,3,WORK
356,4,WORK
356,5,WORK
356,6,WORK
356,7,WORK
356,8,WORK
356,9,REST
356,10,REST
357,1,WORK
357,2,WORK
357,3,WORK
357,4,WORK
357,5,WORK
357,6,WORK
357,7,WORK
357,8,WORK
357,9,REST
357,10,REST
358,1,WORK
358,2,WORK
358,3,WORK
358,4,WORK
358,5,WORK
358,6,WORK
358,7,WORK
358,8,WORK
358,9,REST
358,10,REST
359,1,WORK
359,2,WORK
359,3,WORK
359,4,WORK
359,5,WORK
359,6,WORK
359,7,WORK
359,8,WORK
359,9,REST
359,10,REST
360,1,WORK
360,2,WORK
360,3,WORK
360,4,WORK
360,5,WORK
360,6,WORK
360,7,WORK
360,8,WORK
360,9,REST
360,10,REST
361,1,WORK
361,2,WORK
361,3,WORK
361,4,WORK
361,5,WORK
361,6,WORK
361,7,WORK
361,8,WORK
361,9,REST
361,10,REST
362,1,WORK
362,2,WORK
362,3,WORK
362,4,WORK
362,5,WORK
362,6,WORK
362,7,WORK
362,8,WORK
362,9,REST
362,10,REST
363,1,WORK
363,2,WORK
363,3,WORK
363,4,WORK
363,5,WORK
363,6,WORK
363,7,WORK
363,8,WORK
363,9,REST
363,10,REST
364,1,WORK
364,2,WORK
364,3,WORK
364,4,WORK
364,5,WORK
364,6,WORK
364,7,WORK
364,8,WORK
364,9,REST
364,10,REST
365,1,WORK
365,2,WORK
365,3,WORK
365,4,WORK
365,5,WORK
365,6,WORK
365,7,WORK
365,8,WORK
365,9,REST
365,10,REST
366,1,WORK
366,2,WORK
366,3,WORK
366,4,WORK
366,5,WORK
366,6,WORK
366,7,WORK
366,8,WORK
366,9,REST
366,10,REST
367,1,WORK
367,2,WORK
367,3,WORK
367,4,WORK
367,5,WORK
367,6,WORK
367,7,WORK
367,8,WORK
367,9,REST
367,10,REST
368,1,WORK
368,2,WORK
368,3,WORK
368,4,WORK
368,5,WORK
368,6,WORK
368,7,WORK
368,8,WORK
368,9,REST
368,10,REST
369,1,WORK
369,2,WORK
369,3,WORK
369,4,WORK
369,5,WORK
369,6,WORK
369,7,WORK
369,8,WORK
369,9,REST
369,10,REST
370,1,WORK
370,2,WORK
370,3,WORK
370,4,WORK
370,5,WORK
370,6,WORK
370,7,WORK
370,8,WORK
370,9,REST
370,10,REST
371,1,WORK
371,2,WORK
371,3,WORK
371,4,WORK
371,5,WORK
371,6,WORK
371,7,WORK
371,8,WORK
371,9,REST
371,10,REST
372,1,WORK
372,2,WORK
372,3,WORK
372,4,WORK
372,5,WORK
372,6,WORK
372,7,WORK
372,8,WORK
372,9,REST
372,10,REST
373,1,WORK
373,2,WORK
373,3,WORK
373,4,WORK
373,5,WORK
373,6,WORK
373,7,WORK
373,8,WORK
373,9,REST
373,10,REST
374,1,WORK
374,2,WORK
374,3,WORK
374,4,WORK
374,5,WORK
374,6,WORK
374,7,WORK
374,8,WORK
374,9,REST
374,10,REST
375,1,WORK
375,2,WORK
375,3,WORK
375,4,WORK
375,5,WORK
375,6,WORK
375,7,WORK
375,8,WORK
375,9,REST
375,10,REST
376,1,WORK
376,2,WORK
376,3,WORK
376,4,WORK
376,5,WORK
376,6,WORK
376,7,WORK
376,8,WORK
376,9,REST
376,10,REST
377,1,WORK
377,2,WORK
377,3,WORK
377,4,WORK
377,5,WORK
377,6,WORK
377,7,WORK
377,8,WORK
377,9,REST
377,10,REST
378,1,WORK
378,2,WORK
378,3,WORK
378,4,WORK
378,5,WORK
378,6,WORK
378,7,WORK
378,8,WORK
378,9,REST
378,10,REST
379,1,REST
379,2,WORK
379,3,WORK
379,4,WORK
379,5,WORK
379,6,WORK
379,7,WORK
379,8,WORK
379,9,WORK
379,10,REST
380,1,REST
380,2,WORK
380,3,WORK
380,4,WORK
380,5,WORK
380,6,WORK
380,7,WORK
380,8,WORK
380,9,WORK
380,10,REST
381,1,REST
381,2,WORK
381,3,WORK
381,4,WORK
381,5,WORK
381,6,WORK
381,7,WORK
381,8,WORK
381,9,WORK
381,10,REST
382,1,REST
382,2,WORK
382,3,WORK
382,4,WORK
382,5,WORK
382,6,WORK
382,7,WORK
382,8,WORK
382,9,WORK
382,10,REST
383,1,REST
383,2,WORK
383,3,WORK
383,4,WORK
383,5,WORK
383,6,WORK
383,7,WORK
383,8,WORK
383,9,WORK
383,10,REST
384,1,REST
384,2,WORK
384,3,WORK
384,4,WORK
384,5,WORK
384,6,WORK
384,7,WORK
384,8,WORK
384,9,WORK
384,10,REST
385,1,REST
385,2,WORK
385,3,WORK
385,4,WORK
385,5,WORK
385,6,WORK
385,7,WORK
385,8,WORK
385,9,WORK
385,10,REST
386,1,REST
386,2,WORK
386,3,WORK
386,4,WORK
386,5,WORK
386,6,WORK
386,7,WORK
386,8,WORK
386,9,WORK
386,10,REST
387,1,REST
387,2,WORK
387,3,WORK
387,4,WORK
387,5,WORK
387,6,WORK
387,7,WORK
387,8,WORK
387,9,WORK
387,10,REST
388,1,REST
388,2,WORK
388,3,WORK
388,4,WORK
388,5,WORK
388,6,WORK
388,7,WORK
388,8,WORK
388,9,WORK
388,10,REST
389,1,REST
389,2,WORK
389,3,WORK
389,4,WORK
389,5,WORK
389,6,WORK
389,7,WORK
389,8,WORK
389,9,WORK
389,10,REST
390,1,REST
390,2,WORK
390,3,WORK
390,4,WORK
390,5,WORK
390,6,WORK
390,7,WORK
390,8,WORK
390,9,WORK
390,10,REST
391,1,REST
391,2,WORK
391,3,WORK
391,4,WORK
391,5,WORK
391,6,WORK
391,7,WORK
391,8,WORK
391,9,WORK
391,10,REST
392,1,REST
392,2,WORK
392,3,WORK
392,4,WORK
392,5,WORK
392,6,WORK
392,7,WORK
392,8,WORK
392,9,WORK
392,10,REST
393,1,REST
393,2,WORK
393,3,WORK
393,4,WORK
393,5,WORK
393,6,WORK
393,7,WORK
393,8,WORK
393,9,WORK
393,10,REST
394,1,REST
394,2,WORK
394,3,WORK
394,4,WORK
394,5,WORK
394,6,WORK
394,7,WORK
394,8,WORK
394,9,WORK
394,10,REST
395,1,REST
395,2,WORK
395,3,WORK
395,4,WORK
395,5,WORK
395,6,WORK
395,7,WORK
395,8,WORK
395,9,WORK
395,10,REST
396,1,REST
396,2,WORK
396,3,WORK
396,4,WORK
396,5,WORK
396,6,WORK
396,7,WORK
396,8,WORK
396,9,WORK
396,10,REST
397,1,REST
397,2,WORK
397,3,WORK
397,4,WORK
397,5,WORK
397,6,WORK
397,7,WORK
397,8,WORK
397,9,WORK
397,10,REST
398,1,REST
398,2,WORK
398,3,WORK
398,4,WORK
398,5,WORK
398,6,WORK
398,7,WORK
398,8,WORK
398,9,WORK
398,10,REST
399,1,REST
399,2,WORK
399,3,WORK
399,4,WORK
399,5,WORK
399,6,WORK
399,7,WORK
399,8,WORK
399,9,WORK
399,10,REST
400,1,REST
400,2,WORK
400,3,WORK
400,4,WORK
400,5,WORK
400,6,WORK
400,7,WORK
400,8,WORK
400,9,WORK
400,10,REST
401,1,REST
401,2,WORK
401,3,WORK
401,4,WORK
401,5,WORK
401,6,WORK
401,7,WORK
401,8,WORK
401,9,WORK
401,10,REST
402,1,REST
402,2,WORK
402,3,WORK
402,4,WORK
402,5,WORK
402,6,WORK
402,7,WORK
402,8,WORK
402,9,WORK
402,10,REST
403,1,REST
403,2,WORK
403,3,WORK
403,4,WORK
403,5,WORK
403,6,WORK
403,7,WORK
403,8,WORK
403,9,WORK
403,10,REST
404,1,REST
404,2,WORK
404,3,WORK
404,4,WORK
404,5,WORK
404,6,WORK
404,7,WORK
404,8,WORK
404,9,WORK
404,10,REST
405,1,REST
405,2,WORK
405,3,WORK
405,4,WORK
405,5,WORK
405,6,WORK
405,7,WORK
405,8,WORK
405,9,WORK
405,10,REST
406,1,REST
406,2,WORK
406,3,WORK
406,4,WORK
406,5,WORK
406,6,WORK
406,7,WORK
406,8,WORK
406,9,WORK
406,10,REST
