employee_id,day,shift_id,shift_start,shift_end,group
P0001,1,P1,10:00,14:00,1
P0002,1,P1,10:00,14:00,1
P0003,1,P1,10:00,14:00,1
P0004,1,P1,10:00,14:00,1
P0005,1,P1,10:00,14:00,1
P0006,1,P1,10:00,14:00,1
P0007,1,P1,10:00,14:00,1
P0008,1,P1,10:00,14:00,1
P0009,1,P1,10:00,14:00,3
P0010,1,P1,10:00,14:00,3
P0011,1,P1,10:00,14:00,3
P0012,1,P1,10:00,14:00,3
P0013,1,P1,10:00,14:00,3
P0014,1,P1,10:00,14:00,6
P0015,1,P1,10:00,14:00,6
P0016,1,P2,11:00,15:00,2
P0017,1,P2,11:00,15:00,2
P0018,1,P2,11:00,15:00,2
P0019,1,P2,11:00,15:00,2
P0020,1,P2,11:00,15:00,2
P0021,1,P2,11:00,15:00,2
P0022,1,P2,11:00,15:00,2
P0023,1,P2,11:00,15:00,2
P0024,1,P2,11:00,15:00,3
P0025,1,P2,11:00,15:00,3
P0026,1,P2,11:00,15:00,3
P0027,1,P2,11:00,15:00,3
P0028,1,P2,11:00,15:00,3
P0029,1,P2,11:00,15:00,3
P0030,1,P2,11:00,15:00,4
P0031,1,P2,11:00,15:00,4
P0032,1,P2,11:00,15:00,4
P0033,1,P2,11:00,15:00,4
P0034,1,P2,11:00,15:00,4
P0035,1,P2,11:00,15:00,4
P0036,1,P2,11:00,15:00,4
P0037,1,P2,11:00,15:00,4
P0038,1,P2,11:00,15:00,4
P0039,1,P2,11:00,15:00,4
P0040,1,P2,11:00,15:00,4
P0041,1,P2,11:00,15:00,4
P0042,1,P2,11:00,15:00,4
P0043,1,P2,11:00,15:00,4
P0044,1,P2,11:00,15:00,4
P0045,1,P2,11:00,15:00,4
P0046,1,P2,11:00,15:00,4
P0047,1,P2,11:00,15:00,4
P0048,1,P2,11:00,15:00,4
P0049,1,P2,11:00,15:00,6
P0050,1,P2,11:00,15:00,6
P0051,1,P2,11:00,15:00,6
P0052,1,P2,11:00,15:00,7
P0053,1,P2,11:00,15:00,7
P0054,1,P2,11:00,15:00,7
P0055,1,P2,11:00,15:00,7
P0056,1,P2,11:00,15:00,7
P0057,1,P2,11:00,15:00,7
P0058,1,P2,11:00,15:00,7
P0059,1,P2,11:00,15:00,7
P0060,1,P2,11:00,15:00,7
P0061,1,P2,11:00,15:00,7
P0062,1,P2,11:00,15:00,7
P0063,1,P2,11:00,15:00,8
P0064,1,P2,11:00,15:00,8
P0065,1,P2,11:00,15:00,8
P0066,1,P2,11:00,15:00,8
P0067,1,P2,11:00,15:00,8
P0068,1,P2,11:00,15:00,8
P0069,1,P2,11:00,15:00,8
P0070,1,P2,11:00,15:00,8
P0071,1,P2,11:00,15:00,8
P0072,1,P2,11:00,15:00,8
P0073,1,P2,11:00,15:00,8
P0074,1,P3,12:00,16:00,1
P0075,1,P3,12:00,16:00,1
P0076,1,P3,12:00,16:00,1
P0077,1,P3,12:00,16:00,1
P0078,1,P3,12:00,16:00,1
P0079,1,P3,12:00,16:00,1
P0080,1,P3,12:00,16:00,5
P0081,1,P3,12:00,16:00,5
P0082,1,P3,12:00,16:00,5
P0083,1,P3,12:00,16:00,5
P0084,1,P3,12:00,16:00,5
P0085,1,P3,12:00,16:00,5
P0086,1,P3,12:00,16:00,5
P0087,1,P3,12:00,16:00,5
P0088,1,P3,12:00,16:00,5
P0089,1,P3,12:00,16:00,5
P0090,1,P3,12:00,16:00,5
P0091,1,P3,12:00,16:00,5
P0092,1,P3,12:00,16:00,5
P0093,1,P3,12:00,16:00,5
P0094,1,P3,12:00,16:00,5
P0095,1,P3,12:00,16:00,5
P0096,1,P3,12:00,16:00,10
P0097,1,P3,12:00,16:00,10
P0098,1,P3,12:00,16:00,10
P0099,1,P3,12:00,16:00,10
P0100,1,P3,12:00,16:00,10
P0101,1,P3,12:00,16:00,10
P0102,1,P3,12:00,16:00,10
P0103,1,P3,12:00,16:00,10
P0104,1,P3,12:00,16:00,10
P0105,1,P3,12:00,16:00,10
P0106,1,P3,12:00,16:00,10
P0107,1,P3,12:00,16:00,10
P0108,1,P3,12:00,16:00,10
P0109,1,P3,12:00,16:00,10
P0110,1,P3,12:00,16:00,10
P0111,1,P3,12:00,16:00,10
P0112,1,P4,13:00,17:00,1
P0113,1,P4,13:00,17:00,1
P0114,1,P4,13:00,17:00,1
P0115,1,P4,13:00,17:00,1
P0116,1,P4,13:00,17:00,1
P0117,1,P4,13:00,17:00,2
P0118,1,P4,13:00,17:00,9
P0119,1,P4,13:00,17:00,9
P0120,1,P4,13:00,17:00,9
P0121,1,P4,13:00,17:00,9
P0122,1,P4,13:00,17:00,9
P0123,1,P4,13:00,17:00,9
P0124,1,P4,13:00,17:00,9
P0125,1,P4,13:00,17:00,9
P0126,1,P4,13:00,17:00,9
P0127,1,P4,13:00,17:00,9
P0128,1,P4,13:00,17:00,9
P0129,1,P4,13:00,17:00,9
P0130,1,P4,13:00,17:00,9
P0131,1,P4,13:00,17:00,9
P0001,2,P1,10:00,14:00,4
P0002,2,P1,10:00,14:00,4
P0003,2,P1,10:00,14:00,4
P0004,2,P1,10:00,14:00,7
P0005,2,P1,10:00,14:00,7
P0006,2,P1,10:00,14:00,7
P0007,2,P1,10:00,14:00,7
P0008,2,P1,10:00,14:00,7
P0009,2,P1,10:00,14:00,7
P0010,2,P1,10:00,14:00,7
P0011,2,P1,10:00,14:00,7
P0012,2,P1,10:00,14:00,7
P0013,2,P1,10:00,14:00,7
P0014,2,P2,11:00,15:00,1
P0015,2,P2,11:00,15:00,1
P0016,2,P2,11:00,15:00,1
P0017,2,P2,11:00,15:00,1
P0018,2,P2,11:00,15:00,2
P0019,2,P2,11:00,15:00,2
P0020,2,P2,11:00,15:00,2
P0021,2,P2,11:00,15:00,2
P0022,2,P2,11:00,15:00,2
P0023,2,P2,11:00,15:00,2
P0024,2,P2,11:00,15:00,2
P0025,2,P2,11:00,15:00,2
P0026,2,P2,11:00,15:00,2
P0027,2,P2,11:00,15:00,2
P0028,2,P2,11:00,15:00,2
P0029,2,P2,11:00,15:00,2
P0030,2,P2,11:00,15:00,2
P0031,2,P2,11:00,15:00,2
P0032,2,P2,11:00,15:00,2
P0033,2,P2,11:00,15:00,2
P0034,2,P2,11:00,15:00,2
P0035,2,P2,11:00,15:00,2
P0036,2,P2,11:00,15:00,2
P0037,2,P2,11:00,15:00,2
P0038,2,P2,11:00,15:00,2
P0039,2,P2,11:00,15:00,2
P0040,2,P2,11:00,15:00,2
P0041,2,P2,11:00,15:00,2
P0042,2,P2,11:00,15:00,3
P0043,2,P2,11:00,15:00,3
P0044,2,P2,11:00,15:00,3
P0045,2,P2,11:00,15:00,3
P0046,2,P2,11:00,15:00,3
P0047,2,P2,11:00,15:00,3
P0048,2,P2,11:00,15:00,3
P0049,2,P2,11:00,15:00,3
P0050,2,P2,11:00,15:00,3
P0051,2,P2,11:00,15:00,3
P0052,2,P2,11:00,15:00,3
P0053,2,P2,11:00,15:00,3
P0054,2,P2,11:00,15:00,3
P0055,2,P2,11:00,15:00,3
P0056,2,P2,11:00,15:00,3
P0057,2,P2,11:00,15:00,3
P0058,2,P2,11:00,15:00,3
P0059,2,P2,11:00,15:00,3
P0060,2,P2,11:00,15:00,3
P0061,2,P2,11:00,15:00,3
P0062,2,P2,11:00,15:00,3
P0063,2,P2,11:00,15:00,3
P0064,2,P2,11:00,15:00,4
P0065,2,P2,11:00,15:00,4
P0066,2,P2,11:00,15:00,4
P0067,2,P2,11:00,15:00,4
P0068,2,P2,11:00,15:00,4
P0069,2,P2,11:00,15:00,4
P0070,2,P2,11:00,15:00,4
P0071,2,P2,11:00,15:00,4
P0072,2,P2,11:00,15:00,4
P0073,2,P2,11:00,15:00,4
P0074,2,P2,11:00,15:00,4
P0075,2,P2,11:00,15:00,4
P0076,2,P2,11:00,15:00,4
P0077,2,P2,11:00,15:00,4
P0078,2,P2,11:00,15:00,4
P0079,2,P2,11:00,15:00,5
P0080,2,P2,11:00,15:00,5
P0081,2,P2,11:00,15:00,5
P0082,2,P2,11:00,15:00,5
P0083,2,P2,11:00,15:00,5
P0084,2,P2,11:00,15:00,5
P0085,2,P2,11:00,15:00,5
P0086,2,P2,11:00,15:00,5
P0087,2,P2,11:00,15:00,5
P0088,2,P2,11:00,15:00,5
P0089,2,P2,11:00,15:00,5
P0090,2,P2,11:00,15:00,5
P0091,2,P2,11:00,15:00,5
P0092,2,P2,11:00,15:00,5
P0093,2,P2,11:00,15:00,5
P0094,2,P2,11:00,15:00,5
P0095,2,P2,11:00,15:00,5
P0096,2,P2,11:00,15:00,5
P0097,2,P2,11:00,15:00,5
P0098,2,P2,11:00,15:00,5
P0099,2,P2,11:00,15:00,5
P0100,2,P2,11:00,15:00,5
P0101,2,P2,11:00,15:00,5
P0102,2,P2,11:00,15:00,5
P0103,2,P2,11:00,15:00,5
P0104,2,P2,11:00,15:00,5
P0105,2,P2,11:00,15:00,6
P0106,2,P2,11:00,15:00,6
P0107,2,P2,11:00,15:00,6
P0108,2,P2,11:00,15:00,6
P0109,2,P2,11:00,15:00,6
P0110,2,P2,11:00,15:00,6
P0111,2,P2,11:00,15:00,6
P0112,2,P2,11:00,15:00,6
P0113,2,P2,11:00,15:00,6
P0114,2,P2,11:00,15:00,6
P0115,2,P2,11:00,15:00,6
P0116,2,P2,11:00,15:00,6
P0117,2,P2,11:00,15:00,6
P0118,2,P2,11:00,15:00,6
P0119,2,P2,11:00,15:00,6
P0120,2,P2,11:00,15:00,6
P0121,2,P2,11:00,15:00,7
P0122,2,P2,11:00,15:00,7
P0123,2,P2,11:00,15:00,7
P0124,2,P2,11:00,15:00,7
P0125,2,P2,11:00,15:00,7
P0126,2,P2,11:00,15:00,7
P0127,2,P2,11:00,15:00,7
P0128,2,P2,11:00,15:00,7
P0129,2,P2,11:00,15:00,7
P0130,2,P2,11:00,15:00,7
P0131,2,P2,11:00,15:00,7
P0132,2,P2,11:00,15:00,7
P0133,2,P2,11:00,15:00,7
P0134,2,P2,11:00,15:00,7
P0135,2,P2,11:00,15:00,7
P0136,2,P2,11:00,15:00,7
P0137,2,P2,11:00,15:00,7
P0138,2,P2,11:00,15:00,7
P0139,2,P2,11:00,15:00,7
P0140,2,P2,11:00,15:00,7
P0141,2,P2,11:00,15:00,7
P0142,2,P2,11:00,15:00,7
P0143,2,P2,11:00,15:00,7
P0144,2,P2,11:00,15:00,7
P0145,2,P2,11:00,15:00,7
P0146,2,P2,11:00,15:00,7
P0147,2,P2,11:00,15:00,7
P0148,2,P2,11:00,15:00,7
P0149,2,P2,11:00,15:00,7
P0150,2,P2,11:00,15:00,8
P0151,2,P2,11:00,15:00,8
P0152,2,P2,11:00,15:00,8
P0153,2,P2,11:00,15:00,8
P0154,2,P2,11:00,15:00,8
P0155,2,P2,11:00,15:00,8
P0156,2,P2,11:00,15:00,8
P0157,2,P2,11:00,15:00,8
P0158,2,P2,11:00,15:00,8
P0159,2,P2,11:00,15:00,9
P0160,2,P2,11:00,15:00,9
P0161,2,P2,11:00,15:00,9
P0162,2,P2,11:00,15:00,9
P0163,2,P2,11:00,15:00,9
P0164,2,P2,11:00,15:00,9
P0165,2,P2,11:00,15:00,9
P0166,2,P2,11:00,15:00,9
P0167,2,P2,11:00,15:00,9
P0168,2,P2,11:00,15:00,9
P0169,2,P2,11:00,15:00,9
P0170,2,P2,11:00,15:00,9
P0171,2,P2,11:00,15:00,9
P0172,2,P2,11:00,15:00,9
P0173,2,P2,11:00,15:00,9
P0174,2,P2,11:00,15:00,9
P0175,2,P2,11:00,15:00,9
P0176,2,P2,11:00,15:00,9
P0177,2,P2,11:00,15:00,9
P0178,2,P2,11:00,15:00,9
P0179,2,P2,11:00,15:00,9
P0180,2,P2,11:00,15:00,9
P0181,2,P2,11:00,15:00,9
P0182,2,P2,11:00,15:00,9
P0183,2,P2,11:00,15:00,9
P0184,2,P2,11:00,15:00,9
P0185,2,P2,11:00,15:00,9
P0186,2,P3,12:00,16:00,10
P0187,2,P3,12:00,16:00,10
P0188,2,P3,12:00,16:00,10
P0189,2,P3,12:00,16:00,10
P0190,2,P3,12:00,16:00,10
P0191,2,P3,12:00,16:00,10
P0192,2,P3,12:00,16:00,10
P0193,2,P3,12:00,16:00,10
P0194,2,P3,12:00,16:00,10
P0195,2,P3,12:00,16:00,10
P0196,2,P3,12:00,16:00,10
P0197,2,P3,12:00,16:00,10
P0198,2,P3,12:00,16:00,10
P0199,2,P3,12:00,16:00,10
P0200,2,P3,12:00,16:00,10
P0201,2,P3,12:00,16:00,10
P0202,2,P4,13:00,17:00,9
P0203,2,P4,13:00,17:00,9
P0204,2,P4,13:00,17:00,10
P0205,2,P4,13:00,17:00,10
P0001,3,P1,10:00,14:00,4
P0002,3,P1,10:00,14:00,4
P0003,3,P1,10:00,14:00,4
P0004,3,P1,10:00,14:00,4
P0005,3,P1,10:00,14:00,4
P0006,3,P1,10:00,14:00,4
P0007,3,P1,10:00,14:00,4
P0008,3,P1,10:00,14:00,8
P0009,3,P1,10:00,14:00,8
P0010,3,P1,10:00,14:00,8
P0011,3,P1,10:00,14:00,8
P0012,3,P1,10:00,14:00,9
P0013,3,P1,10:00,14:00,9
P0014,3,P1,10:00,14:00,9
P0015,3,P1,10:00,14:00,9
P0016,3,P1,10:00,14:00,9
P0017,3,P1,10:00,14:00,9
P0018,3,P1,10:00,14:00,9
P0019,3,P1,10:00,14:00,9
P0020,3,P1,10:00,14:00,9
P0021,3,P1,10:00,14:00,9
P0022,3,P1,10:00,14:00,9
P0023,3,P1,10:00,14:00,9
P0024,3,P2,11:00,15:00,2
P0025,3,P2,11:00,15:00,2
P0026,3,P2,11:00,15:00,2
P0027,3,P2,11:00,15:00,2
P0028,3,P2,11:00,15:00,2
P0029,3,P2,11:00,15:00,2
P0030,3,P2,11:00,15:00,2
P0031,3,P2,11:00,15:00,2
P0032,3,P2,11:00,15:00,2
P0033,3,P2,11:00,15:00,2
P0034,3,P2,11:00,15:00,2
P0035,3,P2,11:00,15:00,2
P0036,3,P2,11:00,15:00,2
P0037,3,P2,11:00,15:00,4
P0038,3,P2,11:00,15:00,4
P0039,3,P2,11:00,15:00,5
P0040,3,P2,11:00,15:00,5
P0041,3,P2,11:00,15:00,5
P0042,3,P2,11:00,15:00,5
P0043,3,P2,11:00,15:00,5
P0044,3,P2,11:00,15:00,5
P0045,3,P2,11:00,15:00,5
P0046,3,P2,11:00,15:00,5
P0047,3,P2,11:00,15:00,5
P0048,3,P2,11:00,15:00,5
P0049,3,P2,11:00,15:00,5
P0050,3,P2,11:00,15:00,5
P0051,3,P2,11:00,15:00,5
P0052,3,P2,11:00,15:00,5
P0053,3,P2,11:00,15:00,5
P0054,3,P2,11:00,15:00,5
P0055,3,P2,11:00,15:00,5
P0056,3,P2,11:00,15:00,7
P0057,3,P2,11:00,15:00,7
P0058,3,P2,11:00,15:00,7
P0059,3,P2,11:00,15:00,7
P0060,3,P2,11:00,15:00,7
P0061,3,P2,11:00,15:00,7
P0062,3,P2,11:00,15:00,7
P0063,3,P2,11:00,15:00,7
P0064,3,P2,11:00,15:00,7
P0065,3,P2,11:00,15:00,7
P0066,3,P2,11:00,15:00,7
P0067,3,P2,11:00,15:00,7
P0068,3,P2,11:00,15:00,7
P0069,3,P2,11:00,15:00,7
P0070,3,P2,11:00,15:00,7
P0071,3,P2,11:00,15:00,7
P0072,3,P2,11:00,15:00,7
P0073,3,P2,11:00,15:00,7
P0074,3,P2,11:00,15:00,7
P0075,3,P2,11:00,15:00,7
P0076,3,P2,11:00,15:00,7
P0077,3,P2,11:00,15:00,7
P0078,3,P2,11:00,15:00,7
P0079,3,P2,11:00,15:00,7
P0080,3,P2,11:00,15:00,7
P0081,3,P2,11:00,15:00,7
P0082,3,P2,11:00,15:00,7
P0083,3,P2,11:00,15:00,7
P0084,3,P2,11:00,15:00,8
P0085,3,P2,11:00,15:00,8
P0086,3,P2,11:00,15:00,8
P0087,3,P2,11:00,15:00,8
P0088,3,P2,11:00,15:00,8
P0089,3,P2,11:00,15:00,8
P0090,3,P2,11:00,15:00,8
P0091,3,P2,11:00,15:00,8
P0092,3,P2,11:00,15:00,8
P0093,3,P2,11:00,15:00,8
P0094,3,P2,11:00,15:00,8
P0095,3,P2,11:00,15:00,8
P0096,3,P2,11:00,15:00,8
P0097,3,P2,11:00,15:00,8
P0098,3,P2,11:00,15:00,8
P0099,3,P2,11:00,15:00,8
P0100,3,P2,11:00,15:00,10
P0101,3,P2,11:00,15:00,10
P0102,3,P2,11:00,15:00,10
P0103,3,P2,11:00,15:00,10
P0104,3,P2,11:00,15:00,10
P0105,3,P2,11:00,15:00,10
P0106,3,P2,11:00,15:00,10
P0107,3,P2,11:00,15:00,10
P0108,3,P2,11:00,15:00,10
P0109,3,P2,11:00,15:00,10
P0110,3,P2,11:00,15:00,10
P0111,3,P2,11:00,15:00,10
P0112,3,P2,11:00,15:00,10
P0113,3,P3,12:00,16:00,1
P0114,3,P3,12:00,16:00,1
P0115,3,P3,12:00,16:00,1
P0116,3,P3,12:00,16:00,1
P0117,3,P3,12:00,16:00,1
P0118,3,P3,12:00,16:00,1
P0119,3,P3,12:00,16:00,1
P0120,3,P3,12:00,16:00,1
P0121,3,P3,12:00,16:00,1
P0122,3,P3,12:00,16:00,1
P0123,3,P3,12:00,16:00,1
P0124,3,P3,12:00,16:00,1
P0125,3,P3,12:00,16:00,1
P0126,3,P3,12:00,16:00,1
P0127,3,P3,12:00,16:00,1
P0128,3,P3,12:00,16:00,1
P0129,3,P3,12:00,16:00,1
P0130,3,P3,12:00,16:00,1
P0131,3,P3,12:00,16:00,1
P0132,3,P3,12:00,16:00,1
P0133,3,P3,12:00,16:00,1
P0134,3,P3,12:00,16:00,1
P0135,3,P3,12:00,16:00,1
P0136,3,P3,12:00,16:00,1
P0137,3,P3,12:00,16:00,3
P0138,3,P3,12:00,16:00,3
P0139,3,P3,12:00,16:00,3
P0140,3,P3,12:00,16:00,3
P0141,3,P3,12:00,16:00,3
P0142,3,P3,12:00,16:00,3
P0143,3,P3,12:00,16:00,3
P0144,3,P3,12:00,16:00,3
P0145,3,P3,12:00,16:00,6
P0146,3,P3,12:00,16:00,6
P0147,3,P3,12:00,16:00,6
P0148,3,P3,12:00,16:00,6
P0149,3,P3,12:00,16:00,6
P0150,3,P3,12:00,16:00,6
P0151,3,P3,12:00,16:00,6
P0152,3,P3,12:00,16:00,6
P0153,3,P3,12:00,16:00,6
P0154,3,P3,12:00,16:00,6
P0155,3,P3,12:00,16:00,6
P0156,3,P3,12:00,16:00,6
P0157,3,P3,12:00,16:00,6
P0158,3,P3,12:00,16:00,6
P0159,3,P3,12:00,16:00,6
P0160,3,P3,12:00,16:00,6
P0161,3,P3,12:00,16:00,6
P0162,3,P3,12:00,16:00,6
P0163,3,P3,12:00,16:00,6
P0164,3,P3,12:00,16:00,6
P0165,3,P3,12:00,16:00,9
P0166,3,P3,12:00,16:00,9
P0167,3,P4,13:00,17:00,3
P0168,3,P4,13:00,17:00,3
P0169,3,P4,13:00,17:00,3
P0170,3,P4,13:00,17:00,3
P0171,3,P4,13:00,17:00,3
P0172,3,P4,13:00,17:00,3
P0173,3,P4,13:00,17:00,3
P0174,3,P4,13:00,17:00,3
P0175,3,P4,13:00,17:00,3
P0176,3,P4,13:00,17:00,3
P0177,3,P4,13:00,17:00,3
P0178,3,P4,13:00,17:00,3
P0179,3,P4,13:00,17:00,3
P0180,3,P4,13:00,17:00,3
P0181,3,P4,13:00,17:00,3
P0182,3,P4,13:00,17:00,3
P0183,3,P4,13:00,17:00,3
P0184,3,P4,13:00,17:00,3
P0185,3,P4,13:00,17:00,3
P0186,3,P4,13:00,17:00,3
P0187,3,P4,13:00,17:00,3
P0188,3,P4,13:00,17:00,3
P0189,3,P4,13:00,17:00,9
P0190,3,P4,13:00,17:00,9
P0191,3,P4,13:00,17:00,9
P0192,3,P4,13:00,17:00,10
P0193,3,P4,13:00,17:00,10
P0194,3,P4,13:00,17:00,10
P0195,3,P4,13:00,17:00,10
P0196,3,P4,13:00,17:00,10
P0197,3,P4,13:00,17:00,10
P0198,3,P4,13:00,17:00,10
P0199,3,P4,13:00,17:00,10
P0200,3,P4,13:00,17:00,10
P0201,3,P4,13:00,17:00,10
P0202,3,P4,13:00,17:00,10
P0203,3,P4,13:00,17:00,10
P0204,3,P4,13:00,17:00,10
P0001,4,P1,10:00,14:00,3
P0002,4,P1,10:00,14:00,3
P0003,4,P1,10:00,14:00,3
P0004,4,P1,10:00,14:00,5
P0005,4,P1,10:00,14:00,5
P0006,4,P1,10:00,14:00,5
P0007,4,P1,10:00,14:00,5
P0008,4,P1,10:00,14:00,5
P0009,4,P1,10:00,14:00,5
P0010,4,P1,10:00,14:00,5
P0011,4,P1,10:00,14:00,7
P0012,4,P1,10:00,14:00,7
P0013,4,P1,10:00,14:00,7
P0014,4,P2,11:00,15:00,1
P0015,4,P2,11:00,15:00,1
P0016,4,P2,11:00,15:00,1
P0017,4,P2,11:00,15:00,1
P0018,4,P2,11:00,15:00,1
P0019,4,P2,11:00,15:00,1
P0020,4,P2,11:00,15:00,1
P0021,4,P2,11:00,15:00,1
P0022,4,P2,11:00,15:00,1
P0023,4,P2,11:00,15:00,1
P0024,4,P2,11:00,15:00,1
P0025,4,P2,11:00,15:00,1
P0026,4,P2,11:00,15:00,1
P0027,4,P2,11:00,15:00,1
P0028,4,P2,11:00,15:00,1
P0029,4,P2,11:00,15:00,1
P0030,4,P2,11:00,15:00,1
P0031,4,P2,11:00,15:00,1
P0032,4,P2,11:00,15:00,1
P0033,4,P2,11:00,15:00,1
P0034,4,P2,11:00,15:00,3
P0035,4,P2,11:00,15:00,3
P0036,4,P2,11:00,15:00,3
P0037,4,P2,11:00,15:00,3
P0038,4,P2,11:00,15:00,3
P0039,4,P2,11:00,15:00,3
P0040,4,P2,11:00,15:00,3
P0041,4,P2,11:00,15:00,3
P0042,4,P2,11:00,15:00,3
P0043,4,P2,11:00,15:00,3
P0044,4,P2,11:00,15:00,4
P0045,4,P2,11:00,15:00,4
P0046,4,P2,11:00,15:00,4
P0047,4,P2,11:00,15:00,4
P0048,4,P2,11:00,15:00,4
P0049,4,P2,11:00,15:00,4
P0050,4,P2,11:00,15:00,4
P0051,4,P2,11:00,15:00,4
P0052,4,P2,11:00,15:00,4
P0053,4,P2,11:00,15:00,4
P0054,4,P2,11:00,15:00,4
P0055,4,P2,11:00,15:00,4
P0056,4,P2,11:00,15:00,4
P0057,4,P2,11:00,15:00,4
P0058,4,P2,11:00,15:00,4
P0059,4,P2,11:00,15:00,4
P0060,4,P2,11:00,15:00,6
P0061,4,P2,11:00,15:00,6
P0062,4,P2,11:00,15:00,6
P0063,4,P2,11:00,15:00,6
P0064,4,P2,11:00,15:00,6
P0065,4,P2,11:00,15:00,6
P0066,4,P2,11:00,15:00,6
P0067,4,P2,11:00,15:00,6
P0068,4,P2,11:00,15:00,7
P0069,4,P2,11:00,15:00,7
P0070,4,P2,11:00,15:00,7
P0071,4,P2,11:00,15:00,7
P0072,4,P2,11:00,15:00,7
P0073,4,P2,11:00,15:00,7
P0074,4,P2,11:00,15:00,7
P0075,4,P2,11:00,15:00,8
P0076,4,P2,11:00,15:00,8
P0077,4,P2,11:00,15:00,8
P0078,4,P2,11:00,15:00,8
P0079,4,P2,11:00,15:00,8
P0080,4,P2,11:00,15:00,8
P0081,4,P2,11:00,15:00,8
P0082,4,P2,11:00,15:00,8
P0083,4,P2,11:00,15:00,8
P0084,4,P2,11:00,15:00,8
P0085,4,P2,11:00,15:00,8
P0086,4,P2,11:00,15:00,8
P0087,4,P2,11:00,15:00,8
P0088,4,P2,11:00,15:00,8
P0089,4,P2,11:00,15:00,8
P0090,4,P2,11:00,15:00,8
P0091,4,P2,11:00,15:00,8
P0092,4,P2,11:00,15:00,8
P0093,4,P2,11:00,15:00,8
P0094,4,P2,11:00,15:00,8
P0095,4,P2,11:00,15:00,8
P0096,4,P2,11:00,15:00,8
P0097,4,P2,11:00,15:00,8
P0098,4,P2,11:00,15:00,8
P0099,4,P2,11:00,15:00,8
P0100,4,P2,11:00,15:00,8
P0101,4,P2,11:00,15:00,8
P0102,4,P2,11:00,15:00,8
P0103,4,P2,11:00,15:00,9
P0104,4,P2,11:00,15:00,9
P0105,4,P2,11:00,15:00,9
P0106,4,P2,11:00,15:00,9
P0107,4,P2,11:00,15:00,9
P0108,4,P2,11:00,15:00,9
P0109,4,P2,11:00,15:00,9
P0110,4,P2,11:00,15:00,9
P0111,4,P2,11:00,15:00,9
P0112,4,P2,11:00,15:00,9
P0113,4,P2,11:00,15:00,9
P0114,4,P2,11:00,15:00,9
P0115,4,P2,11:00,15:00,9
P0116,4,P2,11:00,15:00,9
P0117,4,P2,11:00,15:00,9
P0118,4,P2,11:00,15:00,9
P0119,4,P2,11:00,15:00,9
P0120,4,P2,11:00,15:00,9
P0121,4,P2,11:00,15:00,9
P0122,4,P2,11:00,15:00,9
P0123,4,P2,11:00,15:00,9
P0124,4,P2,11:00,15:00,9
P0125,4,P2,11:00,15:00,9
P0126,4,P2,11:00,15:00,9
P0127,4,P2,11:00,15:00,9
P0128,4,P2,11:00,15:00,9
P0129,4,P2,11:00,15:00,9
P0130,4,P2,11:00,15:00,9
P0131,4,P2,11:00,15:00,9
P0132,4,P2,11:00,15:00,10
P0133,4,P2,11:00,15:00,10
P0134,4,P2,11:00,15:00,10
P0135,4,P2,11:00,15:00,10
P0136,4,P2,11:00,15:00,10
P0137,4,P2,11:00,15:00,10
P0138,4,P2,11:00,15:00,10
P0139,4,P2,11:00,15:00,10
P0140,4,P2,11:00,15:00,10
P0141,4,P2,11:00,15:00,10
P0142,4,P2,11:00,15:00,10
P0143,4,P2,11:00,15:00,10
P0144,4,P2,11:00,15:00,10
P0145,4,P2,11:00,15:00,10
P0146,4,P2,11:00,15:00,10
P0147,4,P2,11:00,15:00,10
P0148,4,P2,11:00,15:00,10
P0149,4,P2,11:00,15:00,10
P0150,4,P2,11:00,15:00,10
P0151,4,P2,11:00,15:00,10
P0152,4,P2,11:00,15:00,10
P0153,4,P2,11:00,15:00,10
P0154,4,P2,11:00,15:00,10
P0155,4,P2,11:00,15:00,10
P0156,4,P2,11:00,15:00,10
P0157,4,P2,11:00,15:00,10
P0158,4,P3,12:00,16:00,2
P0159,4,P3,12:00,16:00,2
P0160,4,P3,12:00,16:00,2
P0161,4,P3,12:00,16:00,2
P0162,4,P3,12:00,16:00,2
P0163,4,P3,12:00,16:00,2
P0164,4,P3,12:00,16:00,2
P0165,4,P3,12:00,16:00,2
P0166,4,P3,12:00,16:00,2
P0167,4,P3,12:00,16:00,2
P0168,4,P3,12:00,16:00,2
P0169,4,P3,12:00,16:00,2
P0170,4,P3,12:00,16:00,2
P0171,4,P3,12:00,16:00,2
P0172,4,P3,12:00,16:00,2
P0173,4,P3,12:00,16:00,2
P0174,4,P3,12:00,16:00,2
P0175,4,P3,12:00,16:00,2
P0176,4,P3,12:00,16:00,2
P0177,4,P3,12:00,16:00,2
P0178,4,P3,12:00,16:00,2
P0179,4,P3,12:00,16:00,2
P0180,4,P3,12:00,16:00,2
P0181,4,P3,12:00,16:00,2
P0182,4,P3,12:00,16:00,2
P0183,4,P3,12:00,16:00,2
P0184,4,P3,12:00,16:00,2
P0185,4,P3,12:00,16:00,2
P0186,4,P3,12:00,16:00,2
P0187,4,P3,12:00,16:00,5
P0188,4,P3,12:00,16:00,5
P0189,4,P3,12:00,16:00,5
P0190,4,P3,12:00,16:00,5
P0191,4,P3,12:00,16:00,8
P0192,4,P3,12:00,16:00,10
P0193,4,P4,13:00,17:00,4
P0194,4,P4,13:00,17:00,4
P0195,4,P4,13:00,17:00,4
P0196,4,P4,13:00,17:00,4
P0197,4,P4,13:00,17:00,4
P0198,4,P4,13:00,17:00,4
P0199,4,P4,13:00,17:00,4
P0200,4,P4,13:00,17:00,4
P0201,4,P4,13:00,17:00,4
P0202,4,P4,13:00,17:00,4
P0203,4,P4,13:00,17:00,4
P0204,4,P4,13:00,17:00,4
P0205,4,P4,13:00,17:00,4
P0206,4,P4,13:00,17:00,4
P0001,5,P1,10:00,14:00,2
P0002,5,P1,10:00,14:00,2
P0003,5,P1,10:00,14:00,2
P0004,5,P1,10:00,14:00,2
P0005,5,P1,10:00,14:00,2
P0006,5,P1,10:00,14:00,2
P0007,5,P1,10:00,14:00,2
P0008,5,P1,10:00,14:00,4
P0009,5,P1,10:00,14:00,4
P0010,5,P1,10:00,14:00,4
P0011,5,P1,10:00,14:00,4
P0012,5,P1,10:00,14:00,6
P0013,5,P1,10:00,14:00,6
P0014,5,P2,11:00,15:00,1
P0015,5,P2,11:00,15:00,1
P0016,5,P2,11:00,15:00,1
P0017,5,P2,11:00,15:00,1
P0018,5,P2,11:00,15:00,1
P0019,5,P2,11:00,15:00,1
P0020,5,P2,11:00,15:00,1
P0021,5,P2,11:00,15:00,1
P0022,5,P2,11:00,15:00,1
P0023,5,P2,11:00,15:00,2
P0024,5,P2,11:00,15:00,2
P0025,5,P2,11:00,15:00,2
P0026,5,P2,11:00,15:00,2
P0027,5,P2,11:00,15:00,2
P0028,5,P2,11:00,15:00,2
P0029,5,P2,11:00,15:00,2
P0030,5,P2,11:00,15:00,2
P0031,5,P2,11:00,15:00,2
P0032,5,P2,11:00,15:00,2
P0033,5,P2,11:00,15:00,2
P0034,5,P2,11:00,15:00,2
P0035,5,P2,11:00,15:00,2
P0036,5,P2,11:00,15:00,2
P0037,5,P2,11:00,15:00,2
P0038,5,P2,11:00,15:00,2
P0039,5,P2,11:00,15:00,2
P0040,5,P2,11:00,15:00,2
P0041,5,P2,11:00,15:00,3
P0042,5,P2,11:00,15:00,3
P0043,5,P2,11:00,15:00,3
P0044,5,P2,11:00,15:00,3
P0045,5,P2,11:00,15:00,3
P0046,5,P2,11:00,15:00,3
P0047,5,P2,11:00,15:00,3
P0048,5,P2,11:00,15:00,3
P0049,5,P2,11:00,15:00,3
P0050,5,P2,11:00,15:00,3
P0051,5,P2,11:00,15:00,3
P0052,5,P2,11:00,15:00,3
P0053,5,P2,11:00,15:00,3
P0054,5,P2,11:00,15:00,3
P0055,5,P2,11:00,15:00,3
P0056,5,P2,11:00,15:00,3
P0057,5,P2,11:00,15:00,3
P0058,5,P2,11:00,15:00,4
P0059,5,P2,11:00,15:00,4
P0060,5,P2,11:00,15:00,4
P0061,5,P2,11:00,15:00,4
P0062,5,P2,11:00,15:00,4
P0063,5,P2,11:00,15:00,4
P0064,5,P2,11:00,15:00,4
P0065,5,P2,11:00,15:00,4
P0066,5,P2,11:00,15:00,4
P0067,5,P2,11:00,15:00,4
P0068,5,P2,11:00,15:00,4
P0069,5,P2,11:00,15:00,4
P0070,5,P2,11:00,15:00,4
P0071,5,P2,11:00,15:00,4
P0072,5,P2,11:00,15:00,5
P0073,5,P2,11:00,15:00,5
P0074,5,P2,11:00,15:00,5
P0075,5,P2,11:00,15:00,5
P0076,5,P2,11:00,15:00,5
P0077,5,P2,11:00,15:00,5
P0078,5,P2,11:00,15:00,5
P0079,5,P2,11:00,15:00,5
P0080,5,P2,11:00,15:00,5
P0081,5,P2,11:00,15:00,5
P0082,5,P2,11:00,15:00,5
P0083,5,P2,11:00,15:00,5
P0084,5,P2,11:00,15:00,5
P0085,5,P2,11:00,15:00,5
P0086,5,P2,11:00,15:00,5
P0087,5,P2,11:00,15:00,5
P0088,5,P2,11:00,15:00,5
P0089,5,P2,11:00,15:00,5
P0090,5,P2,11:00,15:00,5
P0091,5,P2,11:00,15:00,5
P0092,5,P2,11:00,15:00,5
P0093,5,P2,11:00,15:00,5
P0094,5,P2,11:00,15:00,5
P0095,5,P2,11:00,15:00,5
P0096,5,P2,11:00,15:00,5
P0097,5,P2,11:00,15:00,5
P0098,5,P2,11:00,15:00,5
P0099,5,P2,11:00,15:00,6
P0100,5,P2,11:00,15:00,6
P0101,5,P2,11:00,15:00,6
P0102,5,P2,11:00,15:00,6
P0103,5,P2,11:00,15:00,6
P0104,5,P2,11:00,15:00,6
P0105,5,P2,11:00,15:00,6
P0106,5,P2,11:00,15:00,7
P0107,5,P2,11:00,15:00,7
P0108,5,P2,11:00,15:00,7
P0109,5,P2,11:00,15:00,7
P0110,5,P2,11:00,15:00,7
P0111,5,P2,11:00,15:00,7
P0112,5,P2,11:00,15:00,7
P0113,5,P2,11:00,15:00,7
P0114,5,P2,11:00,15:00,7
P0115,5,P2,11:00,15:00,7
P0116,5,P2,11:00,15:00,7
P0117,5,P2,11:00,15:00,7
P0118,5,P2,11:00,15:00,7
P0119,5,P2,11:00,15:00,7
P0120,5,P2,11:00,15:00,7
P0121,5,P2,11:00,15:00,7
P0122,5,P2,11:00,15:00,7
P0123,5,P2,11:00,15:00,7
P0124,5,P2,11:00,15:00,8
P0125,5,P2,11:00,15:00,8
P0126,5,P2,11:00,15:00,8
P0127,5,P2,11:00,15:00,8
P0128,5,P2,11:00,15:00,8
P0129,5,P2,11:00,15:00,8
P0130,5,P2,11:00,15:00,8
P0131,5,P2,11:00,15:00,8
P0132,5,P2,11:00,15:00,8
P0133,5,P2,11:00,15:00,8
P0134,5,P2,11:00,15:00,8
P0135,5,P2,11:00,15:00,8
P0136,5,P2,11:00,15:00,8
P0137,5,P2,11:00,15:00,8
P0138,5,P2,11:00,15:00,8
P0139,5,P2,11:00,15:00,8
P0140,5,P2,11:00,15:00,8
P0141,5,P2,11:00,15:00,8
P0142,5,P2,11:00,15:00,8
P0143,5,P2,11:00,15:00,8
P0144,5,P2,11:00,15:00,8
P0145,5,P2,11:00,15:00,8
P0146,5,P2,11:00,15:00,10
P0147,5,P2,11:00,15:00,10
P0148,5,P2,11:00,15:00,10
P0149,5,P2,11:00,15:00,10
P0150,5,P2,11:00,15:00,10
P0151,5,P2,11:00,15:00,10
P0152,5,P2,11:00,15:00,10
P0153,5,P2,11:00,15:00,10
P0154,5,P2,11:00,15:00,10
P0155,5,P2,11:00,15:00,10
P0156,5,P2,11:00,15:00,10
P0157,5,P2,11:00,15:00,10
P0158,5,P2,11:00,15:00,10
P0159,5,P2,11:00,15:00,10
P0160,5,P2,11:00,15:00,10
P0161,5,P2,11:00,15:00,10
P0162,5,P2,11:00,15:00,10
P0163,5,P2,11:00,15:00,10
P0164,5,P2,11:00,15:00,10
P0165,5,P2,11:00,15:00,10
P0166,5,P2,11:00,15:00,10
P0167,5,P2,11:00,15:00,10
P0168,5,P2,11:00,15:00,10
P0169,5,P2,11:00,15:00,10
P0170,5,P2,11:00,15:00,10
P0171,5,P2,11:00,15:00,10
P0172,5,P2,11:00,15:00,10
P0173,5,P3,12:00,16:00,9
P0174,5,P3,12:00,16:00,9
P0175,5,P3,12:00,16:00,9
P0176,5,P3,12:00,16:00,9
P0177,5,P3,12:00,16:00,9
P0178,5,P3,12:00,16:00,9
P0179,5,P3,12:00,16:00,9
P0180,5,P3,12:00,16:00,9
P0181,5,P3,12:00,16:00,9
P0182,5,P3,12:00,16:00,9
P0183,5,P3,12:00,16:00,9
P0184,5,P3,12:00,16:00,9
P0185,5,P3,12:00,16:00,9
P0186,5,P3,12:00,16:00,9
P0187,5,P3,12:00,16:00,9
P0188,5,P3,12:00,16:00,9
P0189,5,P3,12:00,16:00,9
P0190,5,P3,12:00,16:00,9
P0191,5,P3,12:00,16:00,9
P0192,5,P3,12:00,16:00,9
P0193,5,P3,12:00,16:00,9
P0194,5,P3,12:00,16:00,9
P0195,5,P3,12:00,16:00,9
P0196,5,P3,12:00,16:00,9
P0197,5,P3,12:00,16:00,9
P0198,5,P3,12:00,16:00,9
P0199,5,P3,12:00,16:00,9
P0200,5,P4,13:00,17:00,1
P0201,5,P4,13:00,17:00,2
P0202,5,P4,13:00,17:00,2
P0203,5,P4,13:00,17:00,2
P0204,5,P4,13:00,17:00,2
P0205,5,P4,13:00,17:00,2
P0001,6,P1,10:00,14:00,2
P0002,6,P1,10:00,14:00,4
P0003,6,P1,10:00,14:00,5
P0004,6,P1,10:00,14:00,5
P0005,6,P1,10:00,14:00,5
P0006,6,P1,10:00,14:00,5
P0007,6,P1,10:00,14:00,5
P0008,6,P1,10:00,14:00,5
P0009,6,P1,10:00,14:00,5
P0010,6,P1,10:00,14:00,5
P0011,6,P1,10:00,14:00,5
P0012,6,P1,10:00,14:00,5
P0013,6,P1,10:00,14:00,5
P0014,6,P1,10:00,14:00,5
P0015,6,P1,10:00,14:00,5
P0016,6,P1,10:00,14:00,5
P0017,6,P2,11:00,15:00,2
P0018,6,P2,11:00,15:00,2
P0019,6,P2,11:00,15:00,2
P0020,6,P2,11:00,15:00,2
P0021,6,P2,11:00,15:00,2
P0022,6,P2,11:00,15:00,2
P0023,6,P2,11:00,15:00,2
P0024,6,P2,11:00,15:00,2
P0025,6,P2,11:00,15:00,2
P0026,6,P2,11:00,15:00,2
P0027,6,P2,11:00,15:00,2
P0028,6,P2,11:00,15:00,2
P0029,6,P2,11:00,15:00,2
P0030,6,P2,11:00,15:00,2
P0031,6,P2,11:00,15:00,2
P0032,6,P2,11:00,15:00,3
P0033,6,P2,11:00,15:00,3
P0034,6,P2,11:00,15:00,3
P0035,6,P2,11:00,15:00,3
P0036,6,P2,11:00,15:00,3
P0037,6,P2,11:00,15:00,3
P0038,6,P2,11:00,15:00,3
P0039,6,P2,11:00,15:00,3
P0040,6,P2,11:00,15:00,3
P0041,6,P2,11:00,15:00,3
P0042,6,P2,11:00,15:00,3
P0043,6,P2,11:00,15:00,3
P0044,6,P2,11:00,15:00,3
P0045,6,P2,11:00,15:00,3
P0046,6,P2,11:00,15:00,3
P0047,6,P2,11:00,15:00,3
P0048,6,P2,11:00,15:00,3
P0049,6,P2,11:00,15:00,3
P0050,6,P2,11:00,15:00,3
P0051,6,P2,11:00,15:00,3
P0052,6,P2,11:00,15:00,3
P0053,6,P2,11:00,15:00,3
P0054,6,P2,11:00,15:00,3
P0055,6,P2,11:00,15:00,3
P0056,6,P2,11:00,15:00,3
P0057,6,P2,11:00,15:00,3
P0058,6,P2,11:00,15:00,4
P0059,6,P2,11:00,15:00,4
P0060,6,P2,11:00,15:00,4
P0061,6,P2,11:00,15:00,4
P0062,6,P2,11:00,15:00,4
P0063,6,P2,11:00,15:00,4
P0064,6,P2,11:00,15:00,4
P0065,6,P2,11:00,15:00,4
P0066,6,P2,11:00,15:00,4
P0067,6,P2,11:00,15:00,4
P0068,6,P2,11:00,15:00,4
P0069,6,P2,11:00,15:00,4
P0070,6,P2,11:00,15:00,4
P0071,6,P2,11:00,15:00,4
P0072,6,P2,11:00,15:00,4
P0073,6,P2,11:00,15:00,4
P0074,6,P2,11:00,15:00,4
P0075,6,P2,11:00,15:00,4
P0076,6,P2,11:00,15:00,5
P0077,6,P2,11:00,15:00,5
P0078,6,P2,11:00,15:00,5
P0079,6,P2,11:00,15:00,5
P0080,6,P2,11:00,15:00,5
P0081,6,P2,11:00,15:00,5
P0082,6,P2,11:00,15:00,5
P0083,6,P2,11:00,15:00,5
P0084,6,P2,11:00,15:00,5
P0085,6,P2,11:00,15:00,5
P0086,6,P2,11:00,15:00,5
P0087,6,P2,11:00,15:00,5
P0088,6,P2,11:00,15:00,5
P0089,6,P2,11:00,15:00,5
P0090,6,P2,11:00,15:00,5
P0091,6,P2,11:00,15:00,6
P0092,6,P2,11:00,15:00,6
P0093,6,P2,11:00,15:00,6
P0094,6,P2,11:00,15:00,6
P0095,6,P2,11:00,15:00,6
P0096,6,P2,11:00,15:00,6
P0097,6,P2,11:00,15:00,6
P0098,6,P2,11:00,15:00,6
P0099,6,P2,11:00,15:00,6
P0100,6,P2,11:00,15:00,6
P0101,6,P2,11:00,15:00,6
P0102,6,P2,11:00,15:00,6
P0103,6,P2,11:00,15:00,6
P0104,6,P2,11:00,15:00,6
P0105,6,P2,11:00,15:00,8
P0106,6,P2,11:00,15:00,8
P0107,6,P2,11:00,15:00,8
P0108,6,P2,11:00,15:00,8
P0109,6,P2,11:00,15:00,8
P0110,6,P2,11:00,15:00,8
P0111,6,P2,11:00,15:00,8
P0112,6,P2,11:00,15:00,8
P0113,6,P2,11:00,15:00,8
P0114,6,P2,11:00,15:00,8
P0115,6,P2,11:00,15:00,8
P0116,6,P2,11:00,15:00,8
P0117,6,P2,11:00,15:00,8
P0118,6,P2,11:00,15:00,8
P0119,6,P2,11:00,15:00,8
P0120,6,P2,11:00,15:00,8
P0121,6,P2,11:00,15:00,8
P0122,6,P2,11:00,15:00,9
P0123,6,P2,11:00,15:00,9
P0124,6,P2,11:00,15:00,9
P0125,6,P2,11:00,15:00,9
P0126,6,P2,11:00,15:00,9
P0127,6,P2,11:00,15:00,9
P0128,6,P2,11:00,15:00,9
P0129,6,P2,11:00,15:00,9
P0130,6,P2,11:00,15:00,9
P0131,6,P2,11:00,15:00,9
P0132,6,P2,11:00,15:00,9
P0133,6,P2,11:00,15:00,9
P0134,6,P2,11:00,15:00,10
P0135,6,P2,11:00,15:00,10
P0136,6,P2,11:00,15:00,10
P0137,6,P2,11:00,15:00,10
P0138,6,P2,11:00,15:00,10
P0139,6,P2,11:00,15:00,10
P0140,6,P2,11:00,15:00,10
P0141,6,P2,11:00,15:00,10
P0142,6,P2,11:00,15:00,10
P0143,6,P2,11:00,15:00,10
P0144,6,P3,12:00,16:00,6
P0145,6,P3,12:00,16:00,6
P0146,6,P3,12:00,16:00,6
P0147,6,P3,12:00,16:00,6
P0148,6,P3,12:00,16:00,6
P0149,6,P3,12:00,16:00,6
P0150,6,P3,12:00,16:00,6
P0151,6,P3,12:00,16:00,6
P0152,6,P3,12:00,16:00,6
P0153,6,P3,12:00,16:00,6
P0154,6,P3,12:00,16:00,7
P0155,6,P3,12:00,16:00,7
P0156,6,P3,12:00,16:00,7
P0157,6,P3,12:00,16:00,7
P0158,6,P3,12:00,16:00,7
P0159,6,P3,12:00,16:00,7
P0160,6,P3,12:00,16:00,7
P0161,6,P3,12:00,16:00,7
P0162,6,P3,12:00,16:00,7
P0163,6,P3,12:00,16:00,7
P0164,6,P3,12:00,16:00,7
P0165,6,P3,12:00,16:00,7
P0166,6,P4,13:00,17:00,1
P0167,6,P4,13:00,17:00,1
P0168,6,P4,13:00,17:00,1
P0169,6,P4,13:00,17:00,1
P0170,6,P4,13:00,17:00,1
P0171,6,P4,13:00,17:00,1
P0172,6,P4,13:00,17:00,1
P0173,6,P4,13:00,17:00,1
P0174,6,P4,13:00,17:00,1
P0175,6,P4,13:00,17:00,1
P0176,6,P4,13:00,17:00,1
P0177,6,P4,13:00,17:00,1
P0178,6,P4,13:00,17:00,2
P0179,6,P4,13:00,17:00,2
P0180,6,P4,13:00,17:00,2
P0181,6,P4,13:00,17:00,2
P0182,6,P4,13:00,17:00,2
P0183,6,P4,13:00,17:00,2
P0184,6,P4,13:00,17:00,7
P0185,6,P4,13:00,17:00,7
P0186,6,P4,13:00,17:00,7
P0187,6,P4,13:00,17:00,7
P0188,6,P4,13:00,17:00,7
P0189,6,P4,13:00,17:00,7
P0190,6,P4,13:00,17:00,7
P0191,6,P4,13:00,17:00,8
P0192,6,P4,13:00,17:00,8
P0193,6,P4,13:00,17:00,8
P0194,6,P4,13:00,17:00,10
P0195,6,P4,13:00,17:00,10
P0196,6,P4,13:00,17:00,10
P0197,6,P4,13:00,17:00,10
P0198,6,P4,13:00,17:00,10
P0199,6,P4,13:00,17:00,10
P0200,6,P4,13:00,17:00,10
P0201,6,P4,13:00,17:00,10
P0202,6,P4,13:00,17:00,10
P0203,6,P4,13:00,17:00,10
P0204,6,P4,13:00,17:00,10
P0205,6,P4,13:00,17:00,10
P0001,7,P1,10:00,14:00,4
P0002,7,P1,10:00,14:00,4
P0003,7,P1,10:00,14:00,4
P0004,7,P1,10:00,14:00,4
P0005,7,P1,10:00,14:00,4
P0006,7,P1,10:00,14:00,4
P0007,7,P1,10:00,14:00,4
P0008,7,P1,10:00,14:00,9
P0009,7,P1,10:00,14:00,9
P0010,7,P1,10:00,14:00,9
P0011,7,P1,10:00,14:00,9
P0012,7,P1,10:00,14:00,9
P0013,7,P1,10:00,14:00,9
P0014,7,P1,10:00,14:00,9
P0015,7,P2,11:00,15:00,1
P0016,7,P2,11:00,15:00,1
P0017,7,P2,11:00,15:00,1
P0018,7,P2,11:00,15:00,1
P0019,7,P2,11:00,15:00,1
P0020,7,P2,11:00,15:00,1
P0021,7,P2,11:00,15:00,1
P0022,7,P2,11:00,15:00,1
P0023,7,P2,11:00,15:00,1
P0024,7,P2,11:00,15:00,1
P0025,7,P2,11:00,15:00,1
P0026,7,P2,11:00,15:00,1
P0027,7,P2,11:00,15:00,4
P0028,7,P2,11:00,15:00,4
P0029,7,P2,11:00,15:00,4
P0030,7,P2,11:00,15:00,4
P0031,7,P2,11:00,15:00,4
P0032,7,P2,11:00,15:00,4
P0033,7,P2,11:00,15:00,4
P0034,7,P2,11:00,15:00,4
P0035,7,P2,11:00,15:00,4
P0036,7,P2,11:00,15:00,4
P0037,7,P2,11:00,15:00,4
P0038,7,P2,11:00,15:00,4
P0039,7,P2,11:00,15:00,4
P0040,7,P2,11:00,15:00,4
P0041,7,P2,11:00,15:00,4
P0042,7,P2,11:00,15:00,4
P0043,7,P2,11:00,15:00,5
P0044,7,P2,11:00,15:00,5
P0045,7,P2,11:00,15:00,5
P0046,7,P2,11:00,15:00,5
P0047,7,P2,11:00,15:00,5
P0048,7,P2,11:00,15:00,5
P0049,7,P2,11:00,15:00,5
P0050,7,P2,11:00,15:00,5
P0051,7,P2,11:00,15:00,5
P0052,7,P2,11:00,15:00,5
P0053,7,P2,11:00,15:00,5
P0054,7,P2,11:00,15:00,5
P0055,7,P2,11:00,15:00,5
P0056,7,P2,11:00,15:00,5
P0057,7,P2,11:00,15:00,5
P0058,7,P2,11:00,15:00,5
P0059,7,P2,11:00,15:00,5
P0060,7,P2,11:00,15:00,5
P0061,7,P2,11:00,15:00,5
P0062,7,P2,11:00,15:00,5
P0063,7,P2,11:00,15:00,5
P0064,7,P2,11:00,15:00,5
P0065,7,P2,11:00,15:00,5
P0066,7,P2,11:00,15:00,6
P0067,7,P2,11:00,15:00,6
P0068,7,P2,11:00,15:00,6
P0069,7,P2,11:00,15:00,6
P0070,7,P2,11:00,15:00,6
P0071,7,P2,11:00,15:00,6
P0072,7,P2,11:00,15:00,6
P0073,7,P2,11:00,15:00,6
P0074,7,P2,11:00,15:00,6
P0075,7,P2,11:00,15:00,6
P0076,7,P2,11:00,15:00,6
P0077,7,P2,11:00,15:00,7
P0078,7,P2,11:00,15:00,7
P0079,7,P2,11:00,15:00,7
P0080,7,P2,11:00,15:00,7
P0081,7,P2,11:00,15:00,7
P0082,7,P2,11:00,15:00,7
P0083,7,P2,11:00,15:00,7
P0084,7,P2,11:00,15:00,7
P0085,7,P2,11:00,15:00,7
P0086,7,P2,11:00,15:00,7
P0087,7,P2,11:00,15:00,7
P0088,7,P2,11:00,15:00,7
P0089,7,P2,11:00,15:00,7
P0090,7,P2,11:00,15:00,7
P0091,7,P2,11:00,15:00,7
P0092,7,P2,11:00,15:00,7
P0093,7,P2,11:00,15:00,7
P0094,7,P2,11:00,15:00,7
P0095,7,P2,11:00,15:00,7
P0096,7,P2,11:00,15:00,7
P0097,7,P2,11:00,15:00,7
P0098,7,P2,11:00,15:00,9
P0099,7,P2,11:00,15:00,9
P0100,7,P2,11:00,15:00,9
P0101,7,P2,11:00,15:00,9
P0102,7,P2,11:00,15:00,9
P0103,7,P2,11:00,15:00,9
P0104,7,P2,11:00,15:00,9
P0105,7,P2,11:00,15:00,9
P0106,7,P2,11:00,15:00,9
P0107,7,P2,11:00,15:00,9
P0108,7,P2,11:00,15:00,9
P0109,7,P2,11:00,15:00,9
P0110,7,P2,11:00,15:00,9
P0111,7,P2,11:00,15:00,9
P0112,7,P2,11:00,15:00,10
P0113,7,P2,11:00,15:00,10
P0114,7,P2,11:00,15:00,10
P0115,7,P2,11:00,15:00,10
P0116,7,P2,11:00,15:00,10
P0117,7,P2,11:00,15:00,10
P0118,7,P2,11:00,15:00,10
P0119,7,P2,11:00,15:00,10
P0120,7,P2,11:00,15:00,10
P0121,7,P2,11:00,15:00,10
P0122,7,P2,11:00,15:00,10
P0123,7,P2,11:00,15:00,10
P0124,7,P2,11:00,15:00,10
P0125,7,P2,11:00,15:00,10
P0126,7,P2,11:00,15:00,10
P0127,7,P2,11:00,15:00,10
P0128,7,P2,11:00,15:00,10
P0129,7,P2,11:00,15:00,10
P0130,7,P2,11:00,15:00,10
P0131,7,P2,11:00,15:00,10
P0132,7,P2,11:00,15:00,10
P0133,7,P2,11:00,15:00,10
P0134,7,P2,11:00,15:00,10
P0135,7,P2,11:00,15:00,10
P0136,7,P2,11:00,15:00,10
P0137,7,P2,11:00,15:00,10
P0138,7,P2,11:00,15:00,10
P0139,7,P3,12:00,16:00,2
P0140,7,P3,12:00,16:00,2
P0141,7,P3,12:00,16:00,2
P0142,7,P3,12:00,16:00,2
P0143,7,P3,12:00,16:00,2
P0144,7,P3,12:00,16:00,2
P0145,7,P3,12:00,16:00,2
P0146,7,P3,12:00,16:00,2
P0147,7,P3,12:00,16:00,2
P0148,7,P3,12:00,16:00,2
P0149,7,P3,12:00,16:00,2
P0150,7,P3,12:00,16:00,2
P0151,7,P3,12:00,16:00,2
P0152,7,P3,12:00,16:00,2
P0153,7,P3,12:00,16:00,3
P0154,7,P3,12:00,16:00,3
P0155,7,P3,12:00,16:00,3
P0156,7,P3,12:00,16:00,3
P0157,7,P3,12:00,16:00,3
P0158,7,P3,12:00,16:00,3
P0159,7,P3,12:00,16:00,3
P0160,7,P3,12:00,16:00,3
P0161,7,P3,12:00,16:00,3
P0162,7,P3,12:00,16:00,3
P0163,7,P3,12:00,16:00,3
P0164,7,P3,12:00,16:00,3
P0165,7,P3,12:00,16:00,3
P0166,7,P3,12:00,16:00,3
P0167,7,P3,12:00,16:00,3
P0168,7,P3,12:00,16:00,3
P0169,7,P3,12:00,16:00,3
P0170,7,P3,12:00,16:00,3
P0171,7,P3,12:00,16:00,3
P0172,7,P3,12:00,16:00,3
P0173,7,P3,12:00,16:00,3
P0174,7,P3,12:00,16:00,3
P0175,7,P3,12:00,16:00,3
P0176,7,P3,12:00,16:00,3
P0177,7,P3,12:00,16:00,3
P0178,7,P3,12:00,16:00,3
P0179,7,P3,12:00,16:00,3
P0180,7,P3,12:00,16:00,8
P0181,7,P3,12:00,16:00,8
P0182,7,P3,12:00,16:00,8
P0183,7,P3,12:00,16:00,8
P0184,7,P3,12:00,16:00,8
P0185,7,P3,12:00,16:00,8
P0186,7,P3,12:00,16:00,8
P0187,7,P3,12:00,16:00,8
P0188,7,P3,12:00,16:00,8
P0189,7,P3,12:00,16:00,8
P0190,7,P3,12:00,16:00,8
P0191,7,P4,13:00,17:00,1
P0192,7,P4,13:00,17:00,1
P0193,7,P4,13:00,17:00,1
P0194,7,P4,13:00,17:00,1
P0195,7,P4,13:00,17:00,1
P0196,7,P4,13:00,17:00,1
P0001,8,P1,10:00,14:00,2
P0002,8,P1,10:00,14:00,2
P0003,8,P1,10:00,14:00,2
P0004,8,P1,10:00,14:00,2
P0005,8,P1,10:00,14:00,2
P0006,8,P1,10:00,14:00,3
P0007,8,P1,10:00,14:00,6
P0008,8,P1,10:00,14:00,6
P0009,8,P2,11:00,15:00,1
P0010,8,P2,11:00,15:00,1
P0011,8,P2,11:00,15:00,1
P0012,8,P2,11:00,15:00,1
P0013,8,P2,11:00,15:00,1
P0014,8,P2,11:00,15:00,1
P0015,8,P2,11:00,15:00,1
P0016,8,P2,11:00,15:00,1
P0017,8,P2,11:00,15:00,1
P0018,8,P2,11:00,15:00,1
P0019,8,P2,11:00,15:00,1
P0020,8,P2,11:00,15:00,1
P0021,8,P2,11:00,15:00,1
P0022,8,P2,11:00,15:00,1
P0023,8,P2,11:00,15:00,1
P0024,8,P2,11:00,15:00,1
P0025,8,P2,11:00,15:00,2
P0026,8,P2,11:00,15:00,2
P0027,8,P2,11:00,15:00,2
P0028,8,P2,11:00,15:00,2
P0029,8,P2,11:00,15:00,2
P0030,8,P2,11:00,15:00,2
P0031,8,P2,11:00,15:00,2
P0032,8,P2,11:00,15:00,2
P0033,8,P2,11:00,15:00,3
P0034,8,P2,11:00,15:00,3
P0035,8,P2,11:00,15:00,3
P0036,8,P2,11:00,15:00,3
P0037,8,P2,11:00,15:00,3
P0038,8,P2,11:00,15:00,3
P0039,8,P2,11:00,15:00,3
P0040,8,P2,11:00,15:00,3
P0041,8,P2,11:00,15:00,3
P0042,8,P2,11:00,15:00,3
P0043,8,P2,11:00,15:00,3
P0044,8,P2,11:00,15:00,3
P0045,8,P2,11:00,15:00,3
P0046,8,P2,11:00,15:00,3
P0047,8,P2,11:00,15:00,3
P0048,8,P2,11:00,15:00,3
P0049,8,P2,11:00,15:00,3
P0050,8,P2,11:00,15:00,3
P0051,8,P2,11:00,15:00,3
P0052,8,P2,11:00,15:00,3
P0053,8,P2,11:00,15:00,3
P0054,8,P2,11:00,15:00,3
P0055,8,P2,11:00,15:00,3
P0056,8,P2,11:00,15:00,3
P0057,8,P2,11:00,15:00,3
P0058,8,P2,11:00,15:00,3
P0059,8,P2,11:00,15:00,3
P0060,8,P2,11:00,15:00,3
P0061,8,P2,11:00,15:00,4
P0062,8,P2,11:00,15:00,4
P0063,8,P2,11:00,15:00,4
P0064,8,P2,11:00,15:00,4
P0065,8,P2,11:00,15:00,4
P0066,8,P2,11:00,15:00,4
P0067,8,P2,11:00,15:00,4
P0068,8,P2,11:00,15:00,4
P0069,8,P2,11:00,15:00,4
P0070,8,P2,11:00,15:00,4
P0071,8,P2,11:00,15:00,4
P0072,8,P2,11:00,15:00,5
P0073,8,P2,11:00,15:00,5
P0074,8,P2,11:00,15:00,5
P0075,8,P2,11:00,15:00,5
P0076,8,P2,11:00,15:00,5
P0077,8,P2,11:00,15:00,5
P0078,8,P2,11:00,15:00,5
P0079,8,P2,11:00,15:00,5
P0080,8,P2,11:00,15:00,5
P0081,8,P2,11:00,15:00,5
P0082,8,P2,11:00,15:00,5
P0083,8,P2,11:00,15:00,5
P0084,8,P2,11:00,15:00,5
P0085,8,P2,11:00,15:00,5
P0086,8,P2,11:00,15:00,5
P0087,8,P2,11:00,15:00,5
P0088,8,P2,11:00,15:00,5
P0089,8,P2,11:00,15:00,5
P0090,8,P2,11:00,15:00,5
P0091,8,P2,11:00,15:00,5
P0092,8,P2,11:00,15:00,6
P0093,8,P2,11:00,15:00,6
P0094,8,P2,11:00,15:00,6
P0095,8,P2,11:00,15:00,6
P0096,8,P2,11:00,15:00,6
P0097,8,P2,11:00,15:00,6
P0098,8,P2,11:00,15:00,6
P0099,8,P2,11:00,15:00,6
P0100,8,P2,11:00,15:00,6
P0101,8,P2,11:00,15:00,6
P0102,8,P2,11:00,15:00,6
P0103,8,P2,11:00,15:00,6
P0104,8,P2,11:00,15:00,6
P0105,8,P2,11:00,15:00,6
P0106,8,P2,11:00,15:00,6
P0107,8,P2,11:00,15:00,6
P0108,8,P2,11:00,15:00,6
P0109,8,P2,11:00,15:00,6
P0110,8,P2,11:00,15:00,6
P0111,8,P2,11:00,15:00,6
P0112,8,P2,11:00,15:00,7
P0113,8,P2,11:00,15:00,7
P0114,8,P2,11:00,15:00,7
P0115,8,P2,11:00,15:00,7
P0116,8,P2,11:00,15:00,7
P0117,8,P2,11:00,15:00,7
P0118,8,P2,11:00,15:00,7
P0119,8,P2,11:00,15:00,7
P0120,8,P2,11:00,15:00,7
P0121,8,P2,11:00,15:00,7
P0122,8,P2,11:00,15:00,7
P0123,8,P2,11:00,15:00,9
P0124,8,P2,11:00,15:00,9
P0125,8,P2,11:00,15:00,9
P0126,8,P2,11:00,15:00,9
P0127,8,P2,11:00,15:00,9
P0128,8,P2,11:00,15:00,9
P0129,8,P2,11:00,15:00,9
P0130,8,P2,11:00,15:00,9
P0131,8,P2,11:00,15:00,9
P0132,8,P2,11:00,15:00,9
P0133,8,P2,11:00,15:00,10
P0134,8,P2,11:00,15:00,10
P0135,8,P2,11:00,15:00,10
P0136,8,P2,11:00,15:00,10
P0137,8,P2,11:00,15:00,10
P0138,8,P2,11:00,15:00,10
P0139,8,P2,11:00,15:00,10
P0140,8,P2,11:00,15:00,10
P0141,8,P2,11:00,15:00,10
P0142,8,P2,11:00,15:00,10
P0143,8,P2,11:00,15:00,10
P0144,8,P2,11:00,15:00,10
P0145,8,P2,11:00,15:00,10
P0146,8,P2,11:00,15:00,10
P0147,8,P2,11:00,15:00,10
P0148,8,P2,11:00,15:00,10
P0149,8,P2,11:00,15:00,10
P0150,8,P2,11:00,15:00,10
P0151,8,P2,11:00,15:00,10
P0152,8,P2,11:00,15:00,10
P0153,8,P2,11:00,15:00,10
P0154,8,P2,11:00,15:00,10
P0155,8,P2,11:00,15:00,10
P0156,8,P3,12:00,16:00,2
P0157,8,P3,12:00,16:00,2
P0158,8,P3,12:00,16:00,8
P0159,8,P3,12:00,16:00,8
P0160,8,P3,12:00,16:00,8
P0161,8,P3,12:00,16:00,8
P0162,8,P3,12:00,16:00,8
P0163,8,P3,12:00,16:00,8
P0164,8,P3,12:00,16:00,8
P0165,8,P3,12:00,16:00,8
P0166,8,P3,12:00,16:00,8
P0167,8,P3,12:00,16:00,8
P0168,8,P3,12:00,16:00,8
P0169,8,P3,12:00,16:00,8
P0170,8,P3,12:00,16:00,8
P0171,8,P3,12:00,16:00,8
P0172,8,P3,12:00,16:00,8
P0173,8,P3,12:00,16:00,8
P0174,8,P3,12:00,16:00,8
P0175,8,P3,12:00,16:00,8
P0176,8,P3,12:00,16:00,8
P0177,8,P3,12:00,16:00,8
P0178,8,P3,12:00,16:00,8
P0179,8,P4,13:00,17:00,1
P0180,8,P4,13:00,17:00,1
P0181,8,P4,13:00,17:00,1
P0182,8,P4,13:00,17:00,4
P0183,8,P4,13:00,17:00,4
P0184,8,P4,13:00,17:00,4
P0185,8,P4,13:00,17:00,4
P0186,8,P4,13:00,17:00,4
P0187,8,P4,13:00,17:00,4
P0188,8,P4,13:00,17:00,4
P0189,8,P4,13:00,17:00,4
P0190,8,P4,13:00,17:00,4
P0191,8,P4,13:00,17:00,4
P0192,8,P4,13:00,17:00,4
P0193,8,P4,13:00,17:00,7
P0194,8,P4,13:00,17:00,7
P0195,8,P4,13:00,17:00,7
P0196,8,P4,13:00,17:00,7
P0197,8,P4,13:00,17:00,7
P0198,8,P4,13:00,17:00,7
P0199,8,P4,13:00,17:00,7
P0200,8,P4,13:00,17:00,7
P0201,8,P4,13:00,17:00,7
P0202,8,P4,13:00,17:00,7
P0203,8,P4,13:00,17:00,7
P0204,8,P4,13:00,17:00,7
P0205,8,P4,13:00,17:00,9
P0206,8,P4,13:00,17:00,9
P0001,9,P1,10:00,14:00,3
P0002,9,P1,10:00,14:00,3
P0003,9,P1,10:00,14:00,3
P0004,9,P1,10:00,14:00,3
P0005,9,P1,10:00,14:00,3
P0006,9,P1,10:00,14:00,3
P0007,9,P1,10:00,14:00,3
P0008,9,P1,10:00,14:00,6
P0009,9,P1,10:00,14:00,6
P0010,9,P1,10:00,14:00,6
P0011,9,P1,10:00,14:00,6
P0012,9,P1,10:00,14:00,7
P0013,9,P1,10:00,14:00,7
P0014,9,P1,10:00,14:00,7
P0015,9,P1,10:00,14:00,7
P0016,9,P1,10:00,14:00,7
P0017,9,P1,10:00,14:00,7
P0018,9,P1,10:00,14:00,7
P0019,9,P1,10:00,14:00,7
P0020,9,P1,10:00,14:00,7
P0021,9,P1,10:00,14:00,7
P0022,9,P1,10:00,14:00,7
P0023,9,P1,10:00,14:00,10
P0024,9,P1,10:00,14:00,10
P0025,9,P1,10:00,14:00,10
P0026,9,P2,11:00,15:00,1
P0027,9,P2,11:00,15:00,1
P0028,9,P2,11:00,15:00,1
P0029,9,P2,11:00,15:00,1
P0030,9,P2,11:00,15:00,1
P0031,9,P2,11:00,15:00,1
P0032,9,P2,11:00,15:00,1
P0033,9,P2,11:00,15:00,1
P0034,9,P2,11:00,15:00,1
P0035,9,P2,11:00,15:00,1
P0036,9,P2,11:00,15:00,1
P0037,9,P2,11:00,15:00,1
P0038,9,P2,11:00,15:00,1
P0039,9,P2,11:00,15:00,1
P0040,9,P2,11:00,15:00,1
P0041,9,P2,11:00,15:00,1
P0042,9,P2,11:00,15:00,1
P0043,9,P2,11:00,15:00,1
P0044,9,P2,11:00,15:00,1
P0045,9,P2,11:00,15:00,1
P0046,9,P2,11:00,15:00,2
P0047,9,P2,11:00,15:00,2
P0048,9,P2,11:00,15:00,2
P0049,9,P2,11:00,15:00,2
P0050,9,P2,11:00,15:00,2
P0051,9,P2,11:00,15:00,2
P0052,9,P2,11:00,15:00,2
P0053,9,P2,11:00,15:00,2
P0054,9,P2,11:00,15:00,2
P0055,9,P2,11:00,15:00,2
P0056,9,P2,11:00,15:00,2
P0057,9,P2,11:00,15:00,2
P0058,9,P2,11:00,15:00,2
P0059,9,P2,11:00,15:00,2
P0060,9,P2,11:00,15:00,2
P0061,9,P2,11:00,15:00,2
P0062,9,P2,11:00,15:00,2
P0063,9,P2,11:00,15:00,2
P0064,9,P2,11:00,15:00,2
P0065,9,P2,11:00,15:00,2
P0066,9,P2,11:00,15:00,4
P0067,9,P2,11:00,15:00,4
P0068,9,P2,11:00,15:00,4
P0069,9,P2,11:00,15:00,4
P0070,9,P2,11:00,15:00,4
P0071,9,P2,11:00,15:00,4
P0072,9,P2,11:00,15:00,4
P0073,9,P2,11:00,15:00,4
P0074,9,P2,11:00,15:00,4
P0075,9,P2,11:00,15:00,4
P0076,9,P2,11:00,15:00,4
P0077,9,P2,11:00,15:00,4
P0078,9,P2,11:00,15:00,4
P0079,9,P2,11:00,15:00,4
P0080,9,P2,11:00,15:00,4
P0081,9,P2,11:00,15:00,4
P0082,9,P2,11:00,15:00,4
P0083,9,P2,11:00,15:00,4
P0084,9,P2,11:00,15:00,4
P0085,9,P2,11:00,15:00,4
P0086,9,P2,11:00,15:00,4
P0087,9,P2,11:00,15:00,4
P0088,9,P2,11:00,15:00,4
P0089,9,P2,11:00,15:00,4
P0090,9,P2,11:00,15:00,4
P0091,9,P2,11:00,15:00,4
P0092,9,P2,11:00,15:00,4
P0093,9,P2,11:00,15:00,4
P0094,9,P2,11:00,15:00,4
P0095,9,P2,11:00,15:00,4
P0096,9,P2,11:00,15:00,6
P0097,9,P2,11:00,15:00,6
P0098,9,P2,11:00,15:00,6
P0099,9,P2,11:00,15:00,6
P0100,9,P2,11:00,15:00,6
P0101,9,P2,11:00,15:00,6
P0102,9,P2,11:00,15:00,6
P0103,9,P2,11:00,15:00,6
P0104,9,P2,11:00,15:00,6
P0105,9,P2,11:00,15:00,6
P0106,9,P2,11:00,15:00,6
P0107,9,P2,11:00,15:00,6
P0108,9,P2,11:00,15:00,6
P0109,9,P2,11:00,15:00,7
P0110,9,P2,11:00,15:00,7
P0111,9,P2,11:00,15:00,7
P0112,9,P2,11:00,15:00,7
P0113,9,P2,11:00,15:00,7
P0114,9,P2,11:00,15:00,7
P0115,9,P2,11:00,15:00,7
P0116,9,P2,11:00,15:00,7
P0117,9,P2,11:00,15:00,7
P0118,9,P2,11:00,15:00,7
P0119,9,P2,11:00,15:00,7
P0120,9,P2,11:00,15:00,7
P0121,9,P2,11:00,15:00,7
P0122,9,P2,11:00,15:00,8
P0123,9,P2,11:00,15:00,8
P0124,9,P2,11:00,15:00,8
P0125,9,P2,11:00,15:00,8
P0126,9,P2,11:00,15:00,8
P0127,9,P2,11:00,15:00,8
P0128,9,P2,11:00,15:00,8
P0129,9,P2,11:00,15:00,8
P0130,9,P2,11:00,15:00,8
P0131,9,P2,11:00,15:00,8
P0132,9,P2,11:00,15:00,8
P0133,9,P2,11:00,15:00,8
P0134,9,P2,11:00,15:00,8
P0135,9,P2,11:00,15:00,8
P0136,9,P2,11:00,15:00,8
P0137,9,P2,11:00,15:00,8
P0138,9,P2,11:00,15:00,8
P0139,9,P2,11:00,15:00,8
P0140,9,P2,11:00,15:00,8
P0141,9,P2,11:00,15:00,8
P0142,9,P2,11:00,15:00,8
P0143,9,P2,11:00,15:00,9
P0144,9,P2,11:00,15:00,9
P0145,9,P2,11:00,15:00,9
P0146,9,P2,11:00,15:00,9
P0147,9,P2,11:00,15:00,9
P0148,9,P2,11:00,15:00,9
P0149,9,P2,11:00,15:00,9
P0150,9,P3,12:00,16:00,3
P0151,9,P3,12:00,16:00,3
P0152,9,P3,12:00,16:00,3
P0153,9,P3,12:00,16:00,3
P0154,9,P3,12:00,16:00,3
P0155,9,P3,12:00,16:00,3
P0156,9,P3,12:00,16:00,3
P0157,9,P3,12:00,16:00,3
P0158,9,P3,12:00,16:00,3
P0159,9,P3,12:00,16:00,3
P0160,9,P3,12:00,16:00,3
P0161,9,P3,12:00,16:00,3
P0162,9,P3,12:00,16:00,3
P0163,9,P3,12:00,16:00,3
P0164,9,P3,12:00,16:00,3
P0165,9,P3,12:00,16:00,3
P0166,9,P3,12:00,16:00,3
P0167,9,P3,12:00,16:00,3
P0168,9,P3,12:00,16:00,3
P0169,9,P3,12:00,16:00,5
P0170,9,P3,12:00,16:00,5
P0171,9,P3,12:00,16:00,5
P0172,9,P3,12:00,16:00,5
P0173,9,P3,12:00,16:00,5
P0174,9,P3,12:00,16:00,5
P0175,9,P3,12:00,16:00,5
P0176,9,P3,12:00,16:00,5
P0177,9,P3,12:00,16:00,5
P0178,9,P3,12:00,16:00,5
P0179,9,P3,12:00,16:00,5
P0180,9,P3,12:00,16:00,5
P0181,9,P3,12:00,16:00,5
P0182,9,P3,12:00,16:00,5
P0183,9,P3,12:00,16:00,5
P0184,9,P3,12:00,16:00,5
P0185,9,P3,12:00,16:00,5
P0186,9,P3,12:00,16:00,5
P0187,9,P3,12:00,16:00,5
P0188,9,P3,12:00,16:00,5
P0189,9,P3,12:00,16:00,5
P0190,9,P3,12:00,16:00,5
P0001,10,P1,10:00,14:00,8
P0002,10,P1,10:00,14:00,8
P0003,10,P1,10:00,14:00,8
P0004,10,P1,10:00,14:00,8
P0005,10,P1,10:00,14:00,8
P0006,10,P1,10:00,14:00,8
P0007,10,P1,10:00,14:00,8
P0008,10,P1,10:00,14:00,8
P0009,10,P1,10:00,14:00,9
P0010,10,P1,10:00,14:00,9
P0011,10,P1,10:00,14:00,9
P0012,10,P1,10:00,14:00,9
P0013,10,P1,10:00,14:00,9
P0014,10,P1,10:00,14:00,9
P0015,10,P2,11:00,15:00,2
P0016,10,P2,11:00,15:00,2
P0017,10,P2,11:00,15:00,2
P0018,10,P2,11:00,15:00,2
P0019,10,P2,11:00,15:00,2
P0020,10,P2,11:00,15:00,2
P0021,10,P2,11:00,15:00,2
P0022,10,P2,11:00,15:00,2
P0023,10,P2,11:00,15:00,3
P0024,10,P2,11:00,15:00,3
P0025,10,P2,11:00,15:00,3
P0026,10,P2,11:00,15:00,3
P0027,10,P2,11:00,15:00,3
P0028,10,P2,11:00,15:00,3
P0029,10,P2,11:00,15:00,3
P0030,10,P2,11:00,15:00,3
P0031,10,P2,11:00,15:00,3
P0032,10,P2,11:00,15:00,3
P0033,10,P2,11:00,15:00,3
P0034,10,P2,11:00,15:00,3
P0035,10,P2,11:00,15:00,3
P0036,10,P2,11:00,15:00,3
P0037,10,P2,11:00,15:00,3
P0038,10,P2,11:00,15:00,3
P0039,10,P2,11:00,15:00,3
P0040,10,P2,11:00,15:00,3
P0041,10,P2,11:00,15:00,3
P0042,10,P2,11:00,15:00,3
P0043,10,P2,11:00,15:00,3
P0044,10,P2,11:00,15:00,3
P0045,10,P2,11:00,15:00,3
P0046,10,P2,11:00,15:00,3
P0047,10,P2,11:00,15:00,3
P0048,10,P2,11:00,15:00,3
P0049,10,P2,11:00,15:00,3
P0050,10,P2,11:00,15:00,3
P0051,10,P2,11:00,15:00,3
P0052,10,P2,11:00,15:00,3
P0053,10,P2,11:00,15:00,4
P0054,10,P2,11:00,15:00,4
P0055,10,P2,11:00,15:00,4
P0056,10,P2,11:00,15:00,4
P0057,10,P2,11:00,15:00,4
P0058,10,P2,11:00,15:00,5
P0059,10,P2,11:00,15:00,5
P0060,10,P2,11:00,15:00,5
P0061,10,P2,11:00,15:00,5
P0062,10,P2,11:00,15:00,5
P0063,10,P2,11:00,15:00,5
P0064,10,P2,11:00,15:00,5
P0065,10,P2,11:00,15:00,5
P0066,10,P2,11:00,15:00,5
P0067,10,P2,11:00,15:00,5
P0068,10,P2,11:00,15:00,5
P0069,10,P2,11:00,15:00,5
P0070,10,P2,11:00,15:00,6
P0071,10,P2,11:00,15:00,6
P0072,10,P2,11:00,15:00,6
P0073,10,P2,11:00,15:00,6
P0074,10,P2,11:00,15:00,6
P0075,10,P2,11:00,15:00,6
P0076,10,P2,11:00,15:00,6
P0077,10,P2,11:00,15:00,6
P0078,10,P2,11:00,15:00,6
P0079,10,P2,11:00,15:00,6
P0080,10,P2,11:00,15:00,6
P0081,10,P2,11:00,15:00,6
P0082,10,P2,11:00,15:00,6
P0083,10,P2,11:00,15:00,6
P0084,10,P2,11:00,15:00,6
P0085,10,P2,11:00,15:00,6
P0086,10,P2,11:00,15:00,6
P0087,10,P2,11:00,15:00,6
P0088,10,P2,11:00,15:00,6
P0089,10,P2,11:00,15:00,6
P0090,10,P2,11:00,15:00,6
P0091,10,P2,11:00,15:00,7
P0092,10,P2,11:00,15:00,7
P0093,10,P2,11:00,15:00,7
P0094,10,P2,11:00,15:00,9
P0095,10,P2,11:00,15:00,9
P0096,10,P2,11:00,15:00,9
P0097,10,P2,11:00,15:00,9
P0098,10,P2,11:00,15:00,9
P0099,10,P2,11:00,15:00,9
P0100,10,P2,11:00,15:00,9
P0101,10,P2,11:00,15:00,9
P0102,10,P2,11:00,15:00,9
P0103,10,P2,11:00,15:00,9
P0104,10,P2,11:00,15:00,10
P0105,10,P2,11:00,15:00,10
P0106,10,P2,11:00,15:00,10
P0107,10,P2,11:00,15:00,10
P0108,10,P2,11:00,15:00,10
P0109,10,P2,11:00,15:00,10
P0110,10,P2,11:00,15:00,10
P0111,10,P2,11:00,15:00,10
P0112,10,P2,11:00,15:00,10
P0113,10,P2,11:00,15:00,10
P0114,10,P2,11:00,15:00,10
P0115,10,P2,11:00,15:00,10
P0116,10,P2,11:00,15:00,10
P0117,10,P2,11:00,15:00,10
P0118,10,P2,11:00,15:00,10
P0119,10,P2,11:00,15:00,10
P0120,10,P2,11:00,15:00,10
P0121,10,P2,11:00,15:00,10
P0122,10,P2,11:00,15:00,10
P0123,10,P2,11:00,15:00,10
P0124,10,P2,11:00,15:00,10
P0125,10,P2,11:00,15:00,10
P0126,10,P2,11:00,15:00,10
P0127,10,P2,11:00,15:00,10
P0128,10,P4,13:00,17:00,1
P0129,10,P4,13:00,17:00,1
P0130,10,P4,13:00,17:00,1
P0131,10,P4,13:00,17:00,1
P0132,10,P4,13:00,17:00,1
P0133,10,P4,13:00,17:00,1
P0134,10,P4,13:00,17:00,1
P0135,10,P4,13:00,17:00,1
P0136,10,P4,13:00,17:00,1
P0137,10,P4,13:00,17:00,1
P0138,10,P4,13:00,17:00,1
P0139,10,P4,13:00,17:00,1
P0140,10,P4,13:00,17:00,1
P0141,10,P4,13:00,17:00,1
P0142,10,P4,13:00,17:00,1
P0143,10,P4,13:00,17:00,1
P0144,10,P4,13:00,17:00,1
P0145,10,P4,13:00,17:00,1
P0146,10,P4,13:00,17:00,1
P0147,10,P4,13:00,17:00,1
P0148,10,P4,13:00,17:00,2
P0149,10,P4,13:00,17:00,2
P0150,10,P4,13:00,17:00,2
P0151,10,P4,13:00,17:00,2
P0152,10,P4,13:00,17:00,2
P0153,10,P4,13:00,17:00,2
P0154,10,P4,13:00,17:00,2
P0155,10,P4,13:00,17:00,2
P0156,10,P4,13:00,17:00,4
P0157,10,P4,13:00,17:00,4
P0158,10,P4,13:00,17:00,4
P0159,10,P4,13:00,17:00,4
P0160,10,P4,13:00,17:00,4
P0161,10,P4,13:00,17:00,4
P0162,10,P4,13:00,17:00,4
P0163,10,P4,13:00,17:00,4
P0164,10,P4,13:00,17:00,4
P0165,10,P4,13:00,17:00,4
P0166,10,P4,13:00,17:00,4
P0167,10,P4,13:00,17:00,4
P0168,10,P4,13:00,17:00,4
P0169,10,P4,13:00,17:00,5
P0170,10,P4,13:00,17:00,5
P0171,10,P4,13:00,17:00,5
P0172,10,P4,13:00,17:00,5
P0173,10,P4,13:00,17:00,5
P0174,10,P4,13:00,17:00,5
P0175,10,P4,13:00,17:00,5
P0176,10,P4,13:00,17:00,5
P0177,10,P4,13:00,17:00,5
P0178,10,P4,13:00,17:00,5
P0179,10,P4,13:00,17:00,5
P0180,10,P4,13:00,17:00,5
P0181,10,P4,13:00,17:00,5
P0182,10,P4,13:00,17:00,5
P0183,10,P4,13:00,17:00,7
P0184,10,P4,13:00,17:00,7
P0185,10,P4,13:00,17:00,7
P0186,10,P4,13:00,17:00,7
P0187,10,P4,13:00,17:00,7
P0188,10,P4,13:00,17:00,7
P0189,10,P4,13:00,17:00,7
P0190,10,P4,13:00,17:00,7
P0191,10,P4,13:00,17:00,7
P0192,10,P4,13:00,17:00,7
P0193,10,P4,13:00,17:00,7
P0194,10,P4,13:00,17:00,7
