N_A,N_B,cost_yuan,p_self_lower,p_total_necessary_upper
0,56,0.09382890058721517,0.8983308833497782,0.8983417813875729
1,48,0.09526879722011049,0.8949628116759689,0.8949715215715267
0,55,0.09215338450530061,0.894094670156019,0.894105618895256
1,47,0.09359328113819594,0.8905862621624676,0.8905949683893455
0,54,0.09047786842338607,0.8896819480791864,0.8896929403486212
2,39,0.09503317777109126,0.8869616284164697,0.886968280152956
1,46,0.09191776505628138,0.8860273564192371,0.8860360513530509
0,53,0.0888023523414715,0.8850853625824858,0.8850963908431809
2,38,0.0933576616891767,0.8822516962671559,0.8822582929384711
1,45,0.09024224897436682,0.8812784962700386,0.8812871719871213
0,52,0.08712683625955694,0.8802972526900894,0.8803083090306573
3,30,0.09479755832207201,0.878350956893113,0.8783556835508265
2,37,0.09168214560726214,0.8773455169449542,0.8773520508479475
1,44,0.08856673289245226,0.8763317669479569,0.8763404152275867
0,51,0.08545132017764238,0.8753096382188431,0.8753207143514998
3,29,0.09312204224015747,0.8732822467636594,0.8732868801595363
2,36,0.09000662952534758,0.8722349134843272,0.8722413767258939
1,43,0.08689121681053771,0.8711789239041218,0.8711875362320449
0,50,0.08377580409572784,0.8701142064779617,0.8701252937354882
4,21,0.09456193887305278,0.8690843694799175,0.8690873765664897
3,28,0.09144652615824289,0.868002340378812,0.8680068736508812
2,35,0.08833111344343303,0.8669113682128409,0.8669177527225235
1,42,0.08521570072862315,0.8658113790667935,0.8658199466401693
0,49,0.08210028801381328,0.8647022984145434,0.8647133877482653
4,20,0.0928864227911382,0.8636295515415807,0.8636324443774932
3,27,0.08977101007632834,0.8625024378945958,0.8625068641561611
2,34,0.08665559736151847,0.8613660085550425,0.8613723060996503
1,41,0.08354018464670859,0.86022018652791,0.8602287002618167
5,12,0.09432631942403354,0.859111901937349,0.8591134808993501
0,48,0.08042477193189872,0.859064894181816,0.8590759761607161
4,19,0.09121090670922366,0.8579474495224799,0.8579502232192662
3,26,0.08809549399441378,0.8567733728068706,0.856777685172638
2,33,0.08498008127960391,0.855589592244836,0.855595794445252
1,40,0.08186466856479403,0.8543960276332395,0.8544044781688912
5,11,0.09265080334211898,0.8532415645180718,0.8532430301277387
0,47,0.07874925584998417,0.8531925981060583,0.8532036629171457
4,18,0.0895353906273091,0.8520285932525833,0.8520312431290938
3,25,0.08641997791249922,0.8508055966738235,0.850809788288938
2,32,0.08330456519768936,0.8495724919217041,0.8495785902720674
6,3,0.09409069997501429,0.8483797840116098,0.848380327646796
1,39,0.08018915248287949,0.8483291954512912,0.8483375731661217
5,10,0.09097528726020442,0.8471266297063248,0.8471279804262142
0,46,0.07707373976806961,0.8470756230271441,0.8470866604772181
4,17,0.08785987454539454,0.8458631179714409,0.8458656395971985
3,24,0.08474446183058468,0.8445891632018995,0.8445932272741156
2,31,0.0816290491157748,0.8433046790851084,0.8433106649745685
6,2,0.09241518389309973,0.8420622750120936,0.842062733521113
1,38,0.07851363640096493,0.842009578595095,0.8420178736148832
5,9,0.08929977117828987,0.8407569059440883,0.840758140755428
0,45,0.07539822368615505,0.8407037739866083,0.8407147735055593
4,16,0.08618435846348,0.8394407478869176,0.8394431371294677
3,23,0.08306894574867012,0.8381137116686452,0.8381176415038718
2,30,0.07995353303386024,0.8367757073803214,0.8367815721175759
6,1,0.09073966781118518,0.8354815364709309,0.8354819133271272
1,37,0.07683812031905037,0.8354266443698906,0.8354348465831086
5,8,0.08762425509637531,0.8341217770250919,0.8341228954926859
0,44,0.07372270760424049,0.8340664312360504,0.8340773818818531
4,15,0.08450884238156543,0.8327507790488724,0.8327530321254198
3,22,0.08139342966675556,0.8313684496548388,0.8313722386963165
2,29,0.0782780169519457,0.8299746951878347,0.8299804300286768
6,0,0.08906415172927062,0.8286266004905529,0.8286269000908837
1,36,0.0751626042371358,0.828569421218636,0.828577520293215
5,7,0.08594873901446075,0.8272101844011375,0.8272111867435828
0,43,0.07204719152232594,0.8271525325375525,0.8271634230031223
4,14,0.08283332629965087,0.8257820615092422,0.82578417504288
3,21,0.07971791358484101,0.8243421350571238,0.8243457769285081
2,28,0.07660250087003112,0.8228903074873278,0.8228959036654444
1,35,0.07348708815522126,0.8214264804360791,0.8214344658388057
5,6,0.08427322293254619,0.8200106087511849,0.8200114959167643
0,42,0.07037167544041138,0.8199505547266172,0.8199613733487054
4,13,0.08115781021773633,0.8185229807387939,0.8185249518196542
3,20,0.07804239750292644,0.8170230573511705,0.8170265459038132
2,27,0.07492698478811657,0.8155107369659664,0.8155161857272455
1,34,0.0718115720733067,0.8139859171209158,0.8139937781396808
5,5,0.08259770685063164,0.8125110507824842,0.81251182453112
0,41,0.06869615935849682,0.8124484945068928,0.812459229277217
4,12,0.07948229413582177,0.810961438269577,0.8109632645212472
3,19,0.07636688142101189,0.809399018074136,0.809402347438873
2,26,0.07325146870620201,0.8078236843395484,0.8078289769801681
1,33,0.07013605599139214,0.8062353303342873,0.8062430561034287
5,4,0.08092219076871708,0.8046990112317545,0.8046996742234351
0,40,0.06702064327658226,0.8046338484446801,0.8046444870234936
4,11,0.0778067780539072,0.8030848315308093,0.8030865111823895
3,18,0.07469136533909733,0.8014573104938917,0.801460475137672
2,25,0.07157595262428745,0.7998163378536962,0.799821465762292
1,32,0.06846053990947759,0.7981618024315492,0.7981693819605458
5,3,0.07924667468680252,0.7965614700330775,0.7965620259231926
0,39,0.06534512719466772,0.796493592129875,0.7965041218622009
4,10,0.07613126197199264,0.7948800328445931,0.7948815648087821
3,17,0.07301584925718277,0.7931846984311371,0.7931876932188422
2,24,0.0699004365423729,0.7914753519309337,0.7914803066351526
1,31,0.06678502382756303,0.7897518775328638,0.7897592997386526
5,2,0.07757115860488796,0.788084864617789,0.7880853181598321
0,38,0.06366961111275315,0.7880141584686199,0.7880245664033833
4,9,0.0744557458900781,0.7863333675464511,0.7863347515040833
3,16,0.07134033317526822,0.7845673941991012,0.7845702144609304
2,23,0.06822492046045835,0.7827868249280558,0.7827915981458347
1,30,0.06510950774564847,0.780991539096733,0.7809987928399468
5,1,0.07589564252297341,0.7792550673101969,0.7792554244663311
0,37,0.061994095030838595,0.7791814150714791,0.7791916879837963
4,8,0.07278022980816354,0.7774305911942199,0.777431827685694
3,15,0.06966481709335366,0.7755910356240637,0.7755936772288853
2,22,0.06654940437854379,0.7737362759667248,0.7737408596626438
1,29,0.06343399166373392,0.771866186559097,0.7718732606845302
5,0,0.07422012644105885,0.7700573617814551,0.7700576298414574
0,36,0.06031857894892404,0.7699806406994574,0.769990765116351
4,7,0.07110471372624898,0.7681568658273124,0.7681579563513844
3,14,0.0679893010114391,0.7662406621083997,0.7662431215434888
2,21,0.06487388829662924,0.7643086207986717,0.7643130072457649
1,28,0.06175847558181936,0.7623606109990593,0.7623674943807021
0,35,0.05864306286700948,0.7603965007286013,0.760406462958435
4,6,0.06942919764433442,0.7584967352367837,0.7584976823572247
3,13,0.06631378492952456,0.7565006896962496,0.7565029641538688
2,20,0.06319837221471467,0.754488146665283,0.7544923285127065
1,27,0.0600829594999048,0.7524589697906867,0.7524656513816778
0,34,0.05696754678509493,0.7504130215922931,0.7504228077582362
4,5,0.06775368156241987,0.7484340992049829,0.7484349066656335
3,12,0.06463826884761,0.7463548851002602,0.7463569725715549
2,19,0.06152285613280012,0.7442584861096697,0.7442624564566566
1,26,0.05840744341799024,0.7421447601986321,0.7421512290865147
0,33,0.05529203070318037,0.7400135641586386,0.7400231602364962
4,4,0.06607816548050531,0.7379521866718572,0.7379528595206404
3,11,0.06296275276569543,0.7357863386461042,0.7357882380228313
2,18,0.05984734005088556,0.7336025896975726,0.7336063421741317
1,25,0.05673192733607569,0.731400791873575,0.7314070373412602
0,32,0.053616514621265814,0.7291807959985819,0.7291901878593434
4,3,0.06440264939859075,0.7270335277831848,0.7270340725056794
3,10,0.061287236683780874,0.7247774360896919,0.7247791472743135
2,17,0.058171823968971005,0.7225026976016382,0.7225062264564817
1,24,0.05505641125416113,0.7202091582016407,0.7202151697945085
0,31,0.05194099853935126,0.7178966624985228,0.7179058359560119
4,2,0.06272713331667619,0.7156599247741506,0.7156603494373575
3,9,0.05961172060186632,0.7133098292600957,0.7133113532848193
2,16,0.05649630788705645,0.7109403100017064,0.7109436101979246
1,23,0.053380895172246576,0.7085512064600423,0.7085569740596438
0,30,0.0502654824574367,0.7061423567692946,0.706151297633325
4,1,0.061051617234761636,0.7038124216397403,0.7038127360467145
3,8,0.05793620451995177,0.7013644054792664,0.7013657446346397
2,15,0.05482079180514189,0.6988961562517775,0.6988992235708076
1,22,0.051705379090332015,0.6964075067292108,0.6964130206340585
0,29,0.048589966375522146,0.6938982883013485,0.6939069824368194
4,0,0.05937610115284708,0.6914712725413961,0.6914714883974629
3,7,0.05626068843803721,0.6889212557075691,0.6889224136812788
2,14,0.05314527572322733,0.6863501627622682,0.6863529939167425
1,21,0.05002986300841746,0.6837578195095946,0.6837630705235661
0,28,0.046914450293607586,0.6811440503139046,0.6811524837062986
3,6,0.05458517235612265,0.6759596413620512,0.6759606233886108
2,13,0.05146975964131278,0.6732814195440293,0.6732840123001256
1,20,0.0483543469265029,0.670581061989161,0.67058604151807
0,27,0.04523893421169303,0.6678583857436506,0.667866544571426
3,5,0.05290965627420809,0.6624579597521366,0.6624587727741992
2,12,0.049794243559398224,0.6596681453583639,0.6596704986683133
1,19,0.04667883084458835,0.656855272905376,0.6568599730623021
0,26,0.04356341812977847,0.6540191518163028,0.654027022530707
3,4,0.05123414019229354,0.6483937080751423,0.6483943609172073
2,11,0.048118727477483664,0.6454876514149623,0.6454897655604221
1,18,0.04500331476267379,0.6425575759430999,0.6425619896631087
0,25,0.04188790204786392,0.639603283141982,0.6396108525548461
3,3,0.04955862411037898,0.6337434459116066,0.6337439494669481
2,10,0.0464432113955691,0.6307163035572525,0.6307181803042818
1,17,0.043327798680759234,0.6276641416073958,0.6276682627723158
0,24,0.04021238596594936,0.6245867532728979,0.6245940086530077
3,2,0.047883108028464426,0.6184827561579235,0.6184831235896087
2,9,0.04476769531365455,0.6153294828721381,0.615331125638573
1,16,0.04165228259884468,0.6121501475077039,0.6121539710816752
0,23,0.038536869884034805,0.6089445346592687,0.6089514638379501
3,1,0.046207591946549866,0.6025862043311703,0.6025864512880945
2,8,0.04309217923174,0.5993015446584771,0.5993029586945408
1,15,0.03997676651693012,0.5959897369871916,0.5959932591637414
0,22,0.036861353802120245,0.5926505569367382,0.5926571484233325
3,0,0.04453207586463531,0.5860272961783024,0.5860274410272217
2,7,0.041416663149825436,0.5826057756859135,0.5826069682689556
1,14,0.03830125043501556,0.5791559760283245,0.5791591943897736
0,21,0.03518583772020569,0.575677663475769,0.5756839065837192
2,6,0.03974114706791088,0.5652143496728266,0.5652153303171351
1,13,0.03662573435310101,0.561620808362838,0.5616237220528959
0,20,0.03351032163829113,0.5579975661205926,0.5580034511049072
2,5,0.03806563098599632,0.5470982809091944,0.5470990615918865
1,12,0.03495021827118645,0.5433550087112896,0.5433576186217419
0,19,0.03183480555637658,0.539580798042284,0.5395863162491927
2,4,0.03639011490408177,0.5282273759470775,0.528227971351132
1,11,0.03327470218927189,0.5243281340742599,0.5243304430467186
0,18,0.03015928947446202,0.5203966646273791,0.5204018086570519
2,3,0.03471459882216721,0.5085701832782057,0.5085706110537673
1,10,0.03159918610735733,0.5045084729940208,0.504510486037755
0,17,0.028483773392547464,0.5004131923201866,0.5004179562034337
2,2,0.033039082740252655,0.48809394091479763,0.4880942219599509
1,9,0.02992367002544278,0.483862992702105,0.48386471722904556
0,16,0.026808257310632907,0.4795970753335276,0.4796014547234647
2,1,0.031363566658338095,0.4667645217862475,0.4667646805485297
1,8,0.028248153943528226,0.4623572840646927,0.4623587301427614
0,15,0.02513274122871835,0.4579136201390912,0.45791761251881136
2,0,0.02968805057642354,0.44454637686067444,0.44454644166067436
1,7,0.026572637861613665,0.43995550423405483,0.4399566848600456
0,14,0.023457225146803793,0.4353266876448867,0.43533029255224487
1,6,0.024897121779699112,0.41662031691047374,0.41662124830378156
0,13,0.021781709064889236,0.41179863296342356,0.4118018522341136
1,5,0.02322160569778455,0.3923128301150768,0.39231353203365926
0,12,0.02010619298297468,0.38729024267023293,0.38729308070040125
1,4,0.02154608961587,0.36699253136987164,0.36699302744990003
0,11,0.018430676901060122,0.3617606694481592,0.36176313347788935
1,3,0.01987057353395544,0.3406172201769496,0.34061753829770314
0,10,0.016755160819145565,0.3351673640084992,0.33516946442756734
1,2,0.018195057452040884,0.31314293768432244,0.31314311035996745
0,9,0.01507964473723101,0.30746600417551995,0.30746775485292366
1,1,0.016519541370126328,0.28452389342116924,0.28452395822116916
0,8,0.013404128655316453,0.2786104210161666,0.2786118396550078
1,0,0.01484402528821177,0.2547123889803846,0.2547123889803845
0,7,0.011728612573401897,0.24855252189184018,0.24855363041124978
0,6,0.01005309649148734,0.21724221030400015,0.21724303524988542
0,5,0.008377580409572783,0.18462730240000014,0.18462787538651193
0,4,0.006702064327658227,0.15065344000000014,0.15065379818372504
0,3,0.00502654824574367,0.11526400000000014,0.11526418658900772
0,2,0.0033510321638291134,0.07840000000000003,0.07840006479999984
0,1,0.0016755160819145567,0.040000000000000036,0.039999999999999925
0,0,0.0,0.0,0.0
